shaft_hz,rpm,rms,kurtosis,crest,BPFI_h1,BPFI_h2,BPFI_h3,BPFO_h1,BPFO_h2,BPFO_h3,BSF_h1,BSF_h2,BSF_h3,FTF_h1,FTF_h2,FTF_h3,BPFI_sb_plus,BPFI_sb_minus,file,idx,time_min
12.890625,773.4375,0.20365209877490997,116.2557685048807,42.07034812163525,0.005839684704651522,0.0030503243776102006,0.002032684231766642,0.006874571459258142,0.0028139936949546887,0.0030503243776102006,0.016681637703390515,0.00895568038833614,0.0022304329762172113,0.002474486425700961,0.0026073187671821207,0.0024498932745285968,0.00895568038833614,0.002895447358665218,000001.tdms,0,0.0
12.890625,773.4375,0.20927351713180542,111.97528256731334,38.16894145217339,0.0054220268814329665,0.0037588800361257053,0.0023717522670190293,0.00665301041232568,0.0026375037001598626,0.0037588800361257053,0.016244411659316265,0.008385371700646821,0.002272422271004724,0.003007002438077457,0.0029017521660762717,0.0027076319612274555,0.008385371700646821,0.003271542190565007,000002.tdms,1,10.0
12.890625,773.4375,0.2226421982049942,123.08010150310038,45.550816212683465,0.005940285379735202,0.003671424541752958,0.002415611513612543,0.009444637233970356,0.002868646547625311,0.003671424541752958,0.01938921548585775,0.008637287869323317,0.002464245435438136,0.0029524552844844942,0.00283237564696357,0.002993285271249446,0.008637287869323317,0.0032423531359199423,000003.tdms,2,20.0
16.796875,1007.8125,0.2068084478378296,90.93456371049608,38.11387711223257,0.0035300022159252074,0.002081404322116505,0.003848212468365094,0.003346801787095484,0.0022172078041083646,0.002299091782543045,0.0040239379913532426,0.0032404245711250062,0.0026112143728775914,0.0031280476194672224,0.012260311074317612,0.003126870035625659,0.0032404245711250062,0.002513463442755073,000004.tdms,3,30.0
16.796875,1007.8125,0.21730148792266846,89.55923518776287,37.155792253588736,0.0034707083309112106,0.0022730311243120143,0.0035410708953509686,0.0034039558925427946,0.0025527246983154056,0.0027748518709000162,0.00359410326979997,0.0031162982878223055,0.0029864655905788733,0.0031319203022465983,0.013172878871503492,0.003701968492757262,0.0031177451346273773,0.002506372985890524,000005.tdms,4,40.0
16.796875,1007.8125,0.2298910915851593,98.13405990995176,41.52875374406993,0.003442010056214028,0.0023527692332530074,0.003392723331473221,0.0037995052524651225,0.0026487408912332735,0.0024591345573940124,0.004348506273045929,0.0036498853409001448,0.003344183495865818,0.003526821341840922,0.014624089048507732,0.0034429020104598806,0.0036498853409001448,0.003252710081114598,000006.tdms,5,50.0
16.796875,1007.8125,0.23532208800315857,93.30236337294646,36.739648780999325,0.0035364682848810064,0.002445867773964933,0.0037076209659031374,0.0034437236170391516,0.0027121326676873827,0.002637070485971082,0.004475518143664307,0.0035022600649755814,0.0031112507270757914,0.0037221441790846583,0.015089769296502478,0.0038542914982517,0.0035022600649755814,0.002938714451708356,000007.tdms,6,60.0
16.796875,1007.8125,0.24727413058280945,104.07640156814008,46.82644712764382,0.0039479869633371155,0.0023501314788402267,0.0032731835924943837,0.003988972246577726,0.002747536951369449,0.0025023204519118254,0.00418414397751353,0.0034420115146827223,0.0035036407149874422,0.0033132315884943308,0.01624399325390533,0.0045947675700294295,0.003561412641156309,0.003092299170076849,000008.tdms,7,70.0
16.796875,1007.8125,0.24487176537513733,93.60926922435942,39.7451762197024,0.003285763343402244,0.0024709586260223686,0.00349399123001809,0.003675640017987384,0.002958337071739501,0.0027336760330246733,0.00405623881993495,0.004273410793251512,0.003174579513347035,0.0034225972106356767,0.01564700113529577,0.0040019008448423056,0.004273410793251512,0.003361234339854168,000009.tdms,8,80.0
12.890625,773.4375,0.2330147624015808,116.09496023555698,48.31273624518109,0.006529009338037419,0.0033809195062023778,0.0024583744695155676,0.008251580398435255,0.0032260891745512082,0.0033809195062023778,0.02077252324658488,0.00905554807799571,0.0027971633253139005,0.0033514499845419955,0.0029616742080741023,0.0028188551849767144,0.00905554807799571,0.0032004392241401602,000010.tdms,9,90.0
12.890625,773.4375,0.22417956590652466,106.51339099971274,38.26595613155588,0.006167897624626062,0.003013681244510998,0.0024553347481465608,0.008275965560675103,0.0029659751996009252,0.003013681244510998,0.01905710086532231,0.008952343214723088,0.0029137062737331406,0.0031344845051165414,0.0030060485651917873,0.002912278188052312,0.008952343214723088,0.003151688407170116,000011.tdms,10,100.0
12.890625,773.4375,0.2237004190683365,115.73679613051765,49.21449898253304,0.005791942991544023,0.003098166376071863,0.0024246118003999127,0.00738350725712134,0.0028965075389906585,0.003098166376071863,0.02000141816800991,0.00986793339667414,0.0026551628831039714,0.0030214141250702875,0.002670884859091399,0.00295958916633227,0.00986793339667414,0.003364925033345864,000012.tdms,11,110.0
12.890625,773.4375,0.20665018260478973,104.2568595718325,50.864332780816696,0.00551204343457626,0.002753723134011675,0.0020110604279997796,0.006996759780756664,0.0026482593546410175,0.002753723134011675,0.016317124560464226,0.008769941281207765,0.002679063268763767,0.0027879310793695227,0.0026230511379056166,0.0024625028777987105,0.008769941281207765,0.0029301096644623716,000013.tdms,12,120.0
12.890625,773.4375,0.22465750575065613,138.9933791945311,56.376400108513174,0.006288413623674869,0.00326105698094047,0.0024050855560025517,0.006159260783592625,0.0034478407456385277,0.00326105698094047,0.022104277540493683,0.008797486908135713,0.003000581364795333,0.0029921495030184836,0.0028878219731500185,0.0031197271610873415,0.008797486908135713,0.0036060389057161924,000014.tdms,13,130.0
12.890625,773.4375,0.2323237657546997,146.28824683138572,43.043100294375265,0.006814535215041234,0.00346531104663099,0.0026106488250765827,0.008491719067933648,0.003954058308226709,0.00346531104663099,0.023883641188258933,0.009075670203928052,0.0028404637687396844,0.0032594209961537266,0.00329201412881639,0.00299296097026729,0.009075670203928052,0.003541029116788671,000015.tdms,14,140.0
16.796875,1007.8125,0.25156599283218384,105.91415973481618,46.68242470164624,0.004258792199419333,0.0026222723360244194,0.0035531345588122563,0.00440671488947259,0.003014273363705238,0.0027224472304891467,0.005087333560273083,0.004032115366863256,0.0036262869073352922,0.003997678047347337,0.017551864230164978,0.004537329717101457,0.004032115366863256,0.004053539133376106,000016.tdms,15,150.0
16.796875,1007.8125,0.2577025294303894,102.02656635444794,38.66255798790387,0.004150836296806971,0.0026331763106598213,0.003343737112050807,0.004085898918299527,0.0032901173950111847,0.0028058935778918466,0.004850439055326235,0.0037639560543373525,0.0035737366993933905,0.004231921410793779,0.01780838228348803,0.004120874076562131,0.003852222906303602,0.0034578794404844506,000017.tdms,16,160.0
16.796875,1007.8125,0.2623937427997589,110.25913796806977,48.57338673194864,0.003956004976298561,0.0027217327533776694,0.0036209977410601767,0.004624648408677986,0.0033016686284546336,0.003163688601134423,0.004875996516356096,0.004064611411014164,0.003633927054665438,0.0038756360721926373,0.01833636933818034,0.004711632312094531,0.004064611411014164,0.003925092522252135,000018.tdms,17,170.0
16.796875,1007.8125,0.2233976423740387,75.56634408345576,35.251173662259816,0.0033318158604062078,0.00239208584895595,0.003297025367407374,0.003588118267600161,0.0026437559401699486,0.002557842052091437,0.004349992219897572,0.003601304696688059,0.002958777855386515,0.003454290015655808,0.012665294602833686,0.003614765333642144,0.003601304696688059,0.0033880478408764205,000019.tdms,18,180.0
16.796875,1007.8125,0.22682952880859375,78.73585745917607,39.935862399515656,0.003729982459338717,0.002343116473184286,0.003529797382572349,0.003989351048601844,0.0028999353682664744,0.0025303607261147843,0.004766294694475326,0.0037360343561183896,0.0030832453506733234,0.0038051261374204928,0.012880610020429359,0.0034769289837663715,0.004019929939382568,0.0039550701806514215,000020.tdms,19,190.0
16.796875,1007.8125,0.2323809564113617,81.73269837173136,38.08987367730135,0.003430445649505107,0.002593953912319228,0.003364374085291214,0.0040404798182207945,0.0027465273623065297,0.002593953912319228,0.004850720758615582,0.0038614327833838133,0.0029649098580065646,0.003445019500855602,0.013489785536488844,0.0036486179248932825,0.004011174896823093,0.003528247698107154,000021.tdms,20,200.0
12.890625,773.4375,0.2160620242357254,99.40654009198113,41.958178240798055,0.005570415159879851,0.0030000926346115805,0.0022359067711063807,0.0066727143511838205,0.0031815667559484894,0.0030000926346115805,0.017497410874209852,0.00753397085654008,0.0027039336618621575,0.003069127520811061,0.0029525787753878997,0.002746800622206939,0.00753397085654008,0.00350693022596984,000022.tdms,21,210.0
12.890625,773.4375,0.2358894646167755,122.67502191921662,58.0130835385414,0.0070437297333254606,0.0030956790512600817,0.0025465244112945168,0.008396829037937757,0.0031370626527071253,0.0030956790512600817,0.02155436612257567,0.008315019390270888,0.0029905589369853057,0.003206862366121895,0.003130208257525699,0.0026604276368752088,0.008315019390270888,0.0037229129523648655,000023.tdms,22,220.0
12.890625,773.4375,0.25055480003356934,130.92945655164684,41.0446825254091,0.007622942014459655,0.003869729830414549,0.002705850737618722,0.009363044354914135,0.003451166317524477,0.003869729830414549,0.024642089079277205,0.009058930444412196,0.003015816575506566,0.0037581304638201387,0.0034690318252086835,0.00321406784245365,0.009058930444412196,0.004423588728282786,000024.tdms,23,230.0
12.890625,773.4375,0.23587873578071594,124.4729917059928,38.63357464145863,0.006586610788562825,0.0033499196694911216,0.00259955528842038,0.007749504332034273,0.0035789562520556943,0.0033499196694911216,0.021797919234668426,0.00889945404847786,0.0027479237621093064,0.003232783755838081,0.003427657368159152,0.003009775729775732,0.00889945404847786,0.0036906791046875036,000025.tdms,24,240.0
12.890625,773.4375,0.2393752485513687,134.96232901932714,45.28493138251943,0.0069089501115534024,0.003517450168039613,0.0026179729436780932,0.00828552914709324,0.0032333311983832134,0.003517450168039613,0.023244941435869585,0.009373358877651018,0.002899809434517778,0.003323205448291255,0.003374914253109152,0.003108500965264577,0.009373358877651018,0.0033926554143153867,000026.tdms,25,250.0
12.890625,773.4375,0.2378244251012802,135.0667833378852,45.94157327194201,0.00742178545207496,0.003415366415685638,0.002597936705228694,0.01009846868737187,0.003931601140300466,0.003415366415685638,0.02270851219193105,0.00895151437933704,0.0028509177008292246,0.003377460118230627,0.0032448983264457168,0.003011204014327215,0.00895151437933704,0.003673020952205376,000027.tdms,26,260.0
16.796875,1007.8125,0.24699021875858307,101.87768614022839,44.79323868328125,0.003999656395848439,0.0028434703275169275,0.003303657864939601,0.0042521602940259725,0.002870319348809287,0.0028434703275169275,0.004850987486107282,0.004634938505525592,0.0033853813214814697,0.00367506123956214,0.01622837811669089,0.0038571596353674078,0.004634938505525592,0.004092669851229146,000028.tdms,27,270.0
16.796875,1007.8125,0.24688534438610077,92.20350461563501,39.740611937510394,0.0034869002543615286,0.002553163781868646,0.0035334139132938602,0.004459497813904021,0.0028936405873758123,0.0029391230609149056,0.004830559153493335,0.004719791024971305,0.003386101634495137,0.00384346716783336,0.016410152100293826,0.0038179081596752336,0.004719791024971305,0.004259802880338143,000029.tdms,28,280.0
16.796875,1007.8125,0.2560550570487976,100.04371520963429,41.397240293108,0.003456159266739893,0.002468600652858136,0.0037822879934956075,0.004024364665124745,0.003027488229469793,0.0030189587628098986,0.00553535103790579,0.003810637508660086,0.003254381179392788,0.0037906265925240685,0.017460992422834252,0.00394587528983397,0.0044879607876300315,0.004000663585348895,000030.tdms,29,290.0
16.796875,1007.8125,0.26257428526878357,105.03878511132369,41.30420743085746,0.004039654976786874,0.002821300056749421,0.003563628108847216,0.00455195914550246,0.00299609988146787,0.003123056955753715,0.006300262725459436,0.004162920648496071,0.0033070169684457865,0.004490573602536482,0.018512675360602804,0.004265886528446307,0.004507046764196836,0.004699748267930023,000031.tdms,30,300.0
16.796875,1007.8125,0.2563636898994446,94.82208880158939,44.3751857968333,0.004029959956582634,0.002713185706825875,0.003317423165841796,0.004340793181692707,0.0030686588640998704,0.0030175952730501394,0.005704964059271094,0.004099829435306458,0.0029894561770747595,0.00434095888351209,0.016583250683300178,0.003767088465081144,0.004994232985646543,0.004233822911714316,000032.tdms,31,310.0
16.796875,1007.8125,0.27337461709976196,103.3875428581223,42.36683720468814,0.004007331849569423,0.002911649210681016,0.003440121733097633,0.004503027690789406,0.0032863886671129286,0.003152252157891734,0.00524913243799754,0.004478686882161493,0.003157860385068603,0.004318973435463921,0.019533265190962476,0.004651514520988934,0.005043031221701506,0.003943305466798429,000033.tdms,32,320.0
12.890625,773.4375,0.26470839977264404,114.16452200336174,35.41890940696724,0.007373617228663803,0.003654485818495329,0.002981302588842389,0.009347398604726739,0.0038433731348241854,0.003654485818495329,0.02605473570512382,0.009825305151830784,0.003358181959422116,0.003754594525784736,0.004352284094157759,0.0034417125635761,0.009825305151830784,0.004074138299642411,000034.tdms,33,330.0
12.890625,773.4375,0.2648458480834961,125.4853481905758,39.03619950236037,0.008197848496698126,0.004143787939228635,0.002712741712061406,0.00953786544878136,0.003926531490982986,0.004143787939228635,0.026803957365816145,0.009689443468265061,0.00315392901238786,0.0036827796535907568,0.0038639117343152772,0.0033377689057148617,0.009689443468265061,0.0040952166923952414,000035.tdms,34,340.0
12.890625,773.4375,0.26680871844291687,141.6469600227156,48.524298207842065,0.008830919423652396,0.003834109016869985,0.002775717571937753,0.011086760578886362,0.004171047811858884,0.003834109016869985,0.02825343563255241,0.0097680199217005,0.00331992748024359,0.0038753058876580555,0.0039234658710007655,0.003494387105277343,0.0097680199217005,0.004525190321984713,000036.tdms,35,350.0
12.890625,773.4375,0.2731691002845764,137.97292193419202,38.95544267018865,0.008373163844238717,0.004203138175577981,0.0030234091922673556,0.011563385756239794,0.004343018484207066,0.004203138175577981,0.029766701519704907,0.010640506394605414,0.0030201156381422455,0.003689413624567933,0.003917431124948632,0.0035332375893686956,0.010640506394605414,0.004265090263589894,000037.tdms,36,360.0
12.890625,773.4375,0.2324010282754898,118.80818128032476,41.70044374358857,0.006990289292211655,0.0032291640189049714,0.0026220409757156415,0.009916261785541431,0.003380983258525556,0.003408756452516926,0.020803171959635495,0.00799487706146438,0.0027425269734539575,0.003073175454009159,0.00305770433427813,0.0029877924543889084,0.00799487706146438,0.0037837312513113153,000038.tdms,37,370.0
12.890625,773.4375,0.23300769925117493,119.10377312515251,44.84888381200293,0.007706547745695896,0.00318932065157127,0.0024739764101599933,0.010534894352963632,0.00311106489285662,0.0036457102275836276,0.02139415726220849,0.008121841618943965,0.003068038697821604,0.003289952002990237,0.003265743633289646,0.003258241673446656,0.008121841618943965,0.004079424571517949,000039.tdms,38,380.0
16.796875,1007.8125,0.24860648810863495,109.38450726239536,38.49278939880179,0.003726927947382188,0.0026159862644547847,0.0026727952768941204,0.0038268312943642905,0.003007143097134261,0.0030527539674680753,0.004274397618989304,0.0036571471991815947,0.0032177395993566484,0.0038986701750489774,0.018024400749092225,0.004275867311314007,0.0036571471991815947,0.0032850012911895365,000040.tdms,39,390.0
16.796875,1007.8125,0.24916788935661316,88.98779816711703,39.06602220606991,0.0036167482749453884,0.0027603258691298667,0.003561615276924383,0.004095155610172922,0.0026707951766447276,0.002670677752329957,0.006175550342452026,0.005333464296580956,0.004118565551256483,0.004472475804440785,0.015823948007968658,0.003906660912812616,0.005333464296580956,0.004369981388568001,000041.tdms,40,400.0
16.796875,1007.8125,0.29320311546325684,117.47038071508418,35.05644166491162,0.003961871228369862,0.0029514765271541283,0.0036324082379817647,0.005101396691451762,0.003320775552876022,0.0033757254840097216,0.0056094048437912,0.0052203452477831,0.003626955126348792,0.004472885647419496,0.02288631351667521,0.0050703624701262705,0.005359986212549991,0.00454442283843114,000042.tdms,41,410.0
16.796875,1007.8125,0.2854810357093811,110.2489482678936,39.53707644746081,0.004253459828636536,0.00305773878112883,0.003639592221987607,0.005098129510413935,0.0035745881238458226,0.0030863774749299196,0.006284218235160043,0.005644626191394149,0.0040525613904322105,0.0042603690209903605,0.02106000012029142,0.004476687153951489,0.005644626191394149,0.004877205608729371,000043.tdms,42,420.0
16.796875,1007.8125,0.28936100006103516,116.15831196055247,41.073071054027956,0.004697732592883448,0.003028159423590693,0.0038724379875504154,0.0049289944514714495,0.003493624296967243,0.0031004621592088323,0.006062652341894329,0.005250891201394517,0.004412431727807259,0.004555658350912942,0.021807171010030553,0.004737656215199598,0.005250891201394517,0.0056591773304824275,000044.tdms,43,430.0
16.796875,1007.8125,0.2678785026073456,96.283854821701,38.071498160262585,0.003879962237238483,0.002794879079008053,0.0034850587918999433,0.004387473311561962,0.0030816694881763895,0.002794879079008053,0.0064609256778788565,0.004676559601257628,0.004034185254663653,0.004486209817001235,0.018022163021891524,0.003962780148033159,0.004676559601257628,0.004630712550391923,000045.tdms,44,440.0
16.796875,1007.8125,0.2818860709667206,102.18743444644326,36.52646210133988,0.004140807982948759,0.0032685616230574872,0.003648926202452405,0.004522870842378472,0.003308237090838461,0.0032187364897647234,0.005911400666772223,0.004316625992633453,0.00369676670193587,0.004768443889072178,0.020319901440271473,0.004767031384898004,0.004339304785477246,0.004829412686922923,000046.tdms,45,450.0
12.890625,773.4375,0.2633088529109955,127.85022077400353,39.75194888524613,0.0088243543997371,0.003715443030606075,0.002781476344111146,0.01024584928264692,0.0036465229268386563,0.003715443030606075,0.02589031127638285,0.010188931465407638,0.003117829283521378,0.0038319857579410155,0.0040605302302948055,0.0038204306452809408,0.010188931465407638,0.004015134064100885,000047.tdms,46,460.0
12.890625,773.4375,0.25363340973854065,124.10591015398751,45.70997723407193,0.007887451063429765,0.003785759012815202,0.002923802309465864,0.009760909809436454,0.003653589558996036,0.003785759012815202,0.025325635797641386,0.00961960522404631,0.003068564873088669,0.0036006608221378664,0.0037718710179298156,0.0032786041579937935,0.00961960522404631,0.0037783366762964695,000048.tdms,47,470.0
12.890625,773.4375,0.26265251636505127,130.95917955521472,48.64806024084902,0.00876659775011947,0.0037995185088518847,0.0027506738495394812,0.00882942039130426,0.0035836831107187166,0.0037995185088518847,0.027403933342556534,0.009708138304509992,0.0034307682907266436,0.0037761958116921293,0.003919076209671433,0.0037404948627972586,0.009708138304509992,0.0036209223048289736,000049.tdms,48,480.0
12.890625,773.4375,0.260593444108963,129.01479195555217,42.68160769619165,0.008618861750616248,0.003898045088281724,0.0025291995320701802,0.01068030957660949,0.0037921887945702964,0.003898045088281724,0.026127064646477578,0.009776597148701806,0.003050373219265902,0.003539744673001401,0.004091281365069889,0.003477235321091873,0.009776597148701806,0.0038727011715999076,000050.tdms,49,490.0
12.890625,773.4375,0.26469987630844116,131.35592353094464,43.86381491972284,0.009056840216132374,0.003804950340407428,0.0027836189633219832,0.009366279659561489,0.004016499626427903,0.003804950340407428,0.027335713937307975,0.00972036851717269,0.003297171642060509,0.003679085644816528,0.0038313999593743917,0.0036834534799708536,0.00972036851717269,0.004301572332479924,000051.tdms,50,500.0
12.890625,773.4375,0.2728036344051361,132.3495582008915,40.848473050068655,0.00994188165170462,0.003913029745967559,0.0030494109297396323,0.011337311225408939,0.004122619043804718,0.003913029745967559,0.029649464049376135,0.010344741309722112,0.0031120085716679164,0.0034893968498918787,0.003698779732495323,0.0034486512839233155,0.010344741309722112,0.003824367665245796,000052.tdms,51,510.0
16.796875,1007.8125,0.2824307084083557,104.35913228592001,34.759523307546154,0.004198184622447254,0.0028348990997057173,0.0037330197393723417,0.004632495650133366,0.003324217172975416,0.002829734942549621,0.005676061675117128,0.004532956232030372,0.004175716650150727,0.0041933755137744866,0.02050629109716561,0.0047254142976727136,0.004532956232030372,0.004358129755927028,000053.tdms,52,520.0
16.796875,1007.8125,0.25701138377189636,88.38587500242923,35.02293946651103,0.003461642105516465,0.002805668844861884,0.0034150500307763747,0.004331552506757253,0.002980319931553472,0.002892951867672538,0.006398640671739917,0.006013813347329619,0.003892500364898424,0.004554193287843067,0.015897163603290004,0.004111628346583011,0.006013813347329619,0.00463155898052547,000054.tdms,53,530.0
16.796875,1007.8125,0.2599688768386841,93.18095522441773,42.61630418882811,0.0037981405854492036,0.0030172235707308175,0.00368452507845576,0.004681966779430537,0.0031925627550825233,0.0028147812935837837,0.005656880177963628,0.005299589463879952,0.0037500212716901483,0.004938141865040176,0.016474282634939927,0.003908680311926131,0.005299589463879952,0.004799825129695427,000055.tdms,54,540.0
16.796875,1007.8125,0.2572905421257019,96.91179400694612,44.84835932937329,0.0038019306604083975,0.00275259456226075,0.0036525320896502703,0.0041306869856886285,0.003121223395317271,0.002779234204630799,0.0061832785216127065,0.0046687570374902825,0.003890598845208499,0.004489714619024814,0.016344574893799625,0.004118311803015531,0.004860382564232878,0.004569742709695433,000056.tdms,55,550.0
16.796875,1007.8125,0.27042800188064575,101.752714631776,39.07216638906209,0.003923446754574032,0.002803562801251354,0.0038589498073011387,0.004794065868543557,0.003227627733202208,0.0029609427379669526,0.007019910605891892,0.005319536948562322,0.0040941990992647715,0.005117319037007592,0.018390984914067116,0.0040909951729188754,0.005602542656448985,0.004908710740276766,000057.tdms,56,560.0
16.796875,1007.8125,0.25724664330482483,97.58127822394316,39.39413271793197,0.003989418767591003,0.00261028637542993,0.0037258847391276355,0.005172369585857391,0.003181182667140799,0.0027271992147821127,0.006423931171514191,0.004946599428481328,0.0034811516327520903,0.005052899172300044,0.01656672282122532,0.004112085333620614,0.005410555347807461,0.005091082487891558,000058.tdms,57,570.0
12.890625,773.4375,0.25146162509918213,124.17376974859714,39.95250242603037,0.0076243894703239825,0.003819256971130745,0.0026803732698668825,0.010021538019758778,0.0039680507271793635,0.0039305148022673675,0.02283690572030244,0.009304500402401758,0.0034277142167295554,0.003761987409121815,0.003506400697973231,0.0036950654339432715,0.009304500402401758,0.004043032668954082,000059.tdms,58,580.0
12.890625,773.4375,0.24706164002418518,128.78059148233305,40.948575593307275,0.00757290245726417,0.0035956403285086194,0.00267467940612053,0.009673669178053672,0.0036169717374929878,0.0035956403285086194,0.022992099448435943,0.00879054257160114,0.0032614781077633685,0.0034332186657661757,0.003708410655453256,0.0033856188503496826,0.00879054257160114,0.0037448250161359027,000060.tdms,59,590.0
12.890625,773.4375,0.24516011774539948,128.5182929237258,43.29729498103531,0.007523218135309837,0.0034550103266156305,0.0025713797183559936,0.009429258631859528,0.003797090053330058,0.0034550103266156305,0.02287364989495163,0.009565736780814646,0.0032626628922335487,0.0036620527876015468,0.0035834287313981582,0.0034224652714801916,0.009565736780814646,0.0037163787605295606,000061.tdms,60,600.0
12.890625,773.4375,0.25067010521888733,129.29848743503214,38.51861060149971,0.007794555723634571,0.0036885668567153544,0.002780649026695227,0.010398896372257938,0.0039657344258353855,0.0038108348039973747,0.023918837865783003,0.009365511426638619,0.003173410803746541,0.0034371114178694093,0.003512962450927062,0.0032739189431337233,0.009365511426638619,0.003498385904106847,000062.tdms,61,610.0
13.28125,796.875,0.2577199637889862,130.80927444527626,44.25211528638947,0.002830934340502859,0.0028978973172925624,0.008467040516264082,0.015059944259056398,0.0035767460652703803,0.0027441467204637497,0.009987044066266056,0.0033212409221539075,0.0032422069968692383,0.00369944947758148,0.0033686224175722922,0.003411741482297243,0.0033212409221539075,0.0033705432637266787,000063.tdms,62,620.0
10.15625,609.375,0.6286150813102722,474.66754343046455,67.71141234681637,0.029310616445145637,0.014057545955729207,0.010614680988303569,0.029594982751208688,0.02092782181998753,0.014057545955729207,0.0363440534739823,0.023583476053427296,0.01757425975063259,0.045994917578712755,0.0384889375044723,0.07444855016999301,0.023583476053427296,0.02704533483713681,000064.tdms,63,630.0
16.796875,1007.8125,0.2616504430770874,101.85060347304909,41.18725963980768,0.004109879622414333,0.0028893837565789706,0.0031556353157212863,0.005299380504552779,0.0032405485084386434,0.0029002608321122914,0.0061571174641832736,0.00522133797334682,0.004205029835700548,0.004132154769031077,0.017787346020977347,0.004449594986913871,0.00522133797334682,0.004464981127755177,000065.tdms,64,640.0
16.796875,1007.8125,0.2657083570957184,101.11490602556914,39.08596134927481,0.003937928495518363,0.0027594874427675116,0.003698067647353643,0.0054142423599887616,0.0030919692748940827,0.0028729983690089565,0.00739243707182228,0.006175100326796605,0.0035522673290019346,0.00491486029118064,0.017881276757762125,0.00459781280020048,0.006175100326796605,0.005032100949749212,000066.tdms,65,650.0
16.796875,1007.8125,0.25914618372917175,96.66286847389436,36.909837188256965,0.003949298402616627,0.0027324924647063476,0.0035830617307466422,0.005305215543816551,0.003211160357974022,0.0028368471832924454,0.0074259384159478204,0.005072144113173057,0.0038099791348280496,0.004579368090199532,0.017056740712118927,0.004542900507315207,0.005311343713146124,0.004963088403667181,000067.tdms,66,660.0
16.796875,1007.8125,0.25357678532600403,86.81300690655141,38.79662718711895,0.0035899518312677136,0.0027907828393095493,0.0035614885691684062,0.003981030497592862,0.003173571808172949,0.002751711980184926,0.005909332862429264,0.005058772745275564,0.0038184539280689067,0.004316496201880516,0.01597988415022603,0.003994953898949433,0.005058772745275564,0.004955129469907906,000068.tdms,67,670.0
16.796875,1007.8125,0.26523974537849426,71.17977369461627,36.40643692129714,0.0036198755322681578,0.0028908503442593163,0.0034760759176754893,0.00460827807774194,0.0031373590871124433,0.0028784296542514044,0.0060113849008862205,0.0057827994552773895,0.004357204795477948,0.0048060725014036675,0.014792684243191852,0.003875893420807819,0.0057827994552773895,0.00550745452564071,000069.tdms,68,680.0
16.796875,1007.8125,0.2626839876174927,62.57536388972052,38.3484381814279,0.003465608284631914,0.002718739097082706,0.0030657865474720764,0.004729912873010037,0.0033068487626036255,0.0029201972543927823,0.006162620289177699,0.005897573309631339,0.00421157868757304,0.00516927741088098,0.01371502908949413,0.003850151628871199,0.005897573309631339,0.005406359967032141,000070.tdms,69,690.0
13.28125,796.875,0.25977036356925964,99.8864793019058,38.49244720928149,0.0032532578189620747,0.0027640404848728838,0.00834215578410233,0.013289680315003641,0.003930219324269576,0.002781283635633514,0.00869142745738564,0.0036566588099487866,0.0033195493285905677,0.004708625337136302,0.004480929806128066,0.004148162076584045,0.0036566588099487866,0.0034112688359623855,000071.tdms,70,700.0
12.890625,773.4375,0.26007357239723206,92.11740895146922,36.61163238325579,0.006594535424142143,0.0035923911158310365,0.0030196704156497506,0.00789387738876551,0.004586533063637906,0.0038288426981678454,0.021569905296761605,0.008607608703820014,0.0030981324788103754,0.0043912716751856795,0.00493320702015431,0.0034548380913699767,0.008607608703820014,0.004980780613389688,000072.tdms,71,710.0
12.890625,773.4375,0.278809517621994,78.4886056624443,34.986749215283965,0.006944682210868268,0.003264229296731249,0.0032882233498346724,0.008317233202464436,0.004257893092196534,0.003794675617905307,0.022060610197349954,0.008222915837202974,0.0032012044141659095,0.004603983569564808,0.005503984882876869,0.0038199063494027134,0.008222915837202974,0.00404854926667201,000073.tdms,72,720.0
12.890625,773.4375,0.3694307506084442,40.030048436978475,31.12303599561118,0.010910884096611057,0.005251053033093795,0.00400454387164456,0.01453734048135169,0.006841877557161806,0.005325504768196263,0.027042373914922816,0.011560486758122435,0.005780120148653596,0.026614350650943468,0.017046366222624204,0.019397208830471076,0.011560486758122435,0.010485091103385108,000074.tdms,73,730.0
12.890625,773.4375,0.2637714743614197,76.73297908730174,35.286218878457326,0.007407880308591892,0.003340176552359809,0.0029364205108332866,0.00929115230191633,0.003607841230223599,0.0036342079000946867,0.01995144028682176,0.007923502625028358,0.003460744530160347,0.005572029485857384,0.004988323394957768,0.006571322219503316,0.007923502625028358,0.004423303999322547,000075.tdms,74,740.0
12.5,750.0,0.3014613091945648,1575.620533116793,113.1837249933591,0.011498711355202041,0.008048904366283811,0.005880130669107295,0.013728457402109297,0.009909797219213003,0.008048904366283811,0.016716444294475254,0.010569894796899416,0.008446883761912088,0.019035942622052066,0.018039149786658593,0.0175568043011724,0.010569894796899416,0.01204968868983432,000076.tdms,75,750.0
16.796875,1007.8125,0.719028651714325,10.5730111351203,45.93470625241072,0.008003642335919476,0.005265113663143257,0.005007637859746884,0.008311693435779513,0.006274284241765662,0.005265113663143257,0.012178279106333673,0.007095221967605866,0.005998218982004699,0.01890481741536672,0.02902042770693663,0.023513430435984826,0.007107802780677855,0.008549188009486949,000077.tdms,76,760.0
16.796875,1007.8125,0.5774586796760559,8.738070537610456,19.058180876450187,0.0065739754117948345,0.00471285607782691,0.004085941562122751,0.006598891925707903,0.00511527209794794,0.00471285607782691,0.007902699734745057,0.006267115014364198,0.004931900071163627,0.009581059272096308,0.017818070484339973,0.018207992300301363,0.006420907469415814,0.007216803653675839,000078.tdms,77,770.0
16.796875,1007.8125,0.568271279335022,9.715677419583203,27.578231615028724,0.006075722501899824,0.0038090717174735634,0.00396305273959993,0.005980663500714521,0.00487186128117764,0.0038872567677353856,0.008352758465365519,0.005488986113836772,0.0040690486158878394,0.01647963999251332,0.015994176862610267,0.010041729494072175,0.006415941263352825,0.005413486335123717,000079.tdms,78,780.0
16.796875,1007.8125,0.56120365858078,64.44411770998562,94.7777584360149,0.0059606799218492115,0.00406646504318492,0.003997007555198065,0.006970890875216142,0.00496551695736888,0.004169136425586893,0.010187072413672081,0.00603908230150707,0.004638235476722933,0.019357947419648015,0.019135991520678127,0.007154124457913496,0.006923058751228056,0.006388658054921809,000080.tdms,79,790.0
16.796875,1007.8125,0.516065776348114,364.2019485064657,151.27446369298187,0.0058354034255312295,0.004685978248541121,0.004113510418384593,0.008209032534582451,0.0051678312626287845,0.004685978248541121,0.01316941130561963,0.006201697996836044,0.0047994564574689634,0.03929546310609527,0.028332095306460504,0.02148309606229706,0.007635028285454803,0.008147476170926345,000081.tdms,80,800.0
16.796875,1007.8125,0.5379331111907959,3291.4679453524022,177.88499970083168,0.011223611830504607,0.009636712176054895,0.008197756933302743,0.012307545143714606,0.009346309359752737,0.009636712176054895,0.013984136005950948,0.010121717017107545,0.008788191128343692,0.02304964170286454,0.022264495808257977,0.016759320197835593,0.011689603807911066,0.01104765962643252,000082.tdms,81,810.0
12.890625,773.4375,0.2880992293357849,62.49974032319065,37.50935584399141,0.0067228662588264,0.003551441488246017,0.002892483063709694,0.007388423514174917,0.004156083336242099,0.003551441488246017,0.020446886854508153,0.007983382962622835,0.0034518125297449405,0.0055024423444345145,0.0046082052171981,0.004409487411172962,0.007983382962622835,0.0044076216513186765,000083.tdms,82,820.0
12.890625,773.4375,0.2673706114292145,81.72552133481167,49.30177833752756,0.006612983664801416,0.0034904425516979983,0.002786671577675833,0.008757580206527046,0.0033924136258824686,0.0034904425516979983,0.01966427380568708,0.007704447000060435,0.00322317481726975,0.00389739130261641,0.00391064543620883,0.003901106300389161,0.007704447000060435,0.0034990430653229145,000084.tdms,83,830.0
12.890625,773.4375,0.2838331460952759,56.79693239741204,35.838131177904756,0.006681522086437995,0.0034082774207133764,0.002779155073082571,0.007792670111837973,0.00352272131626975,0.003524194118020388,0.018446701564641094,0.0069809388323180685,0.0032163573268912276,0.004832403723910312,0.005632315118132186,0.003997193879535828,0.0069809388323180685,0.0036782088146146384,000085.tdms,84,840.0
12.890625,773.4375,0.2811386287212372,52.466413726985046,35.79562465342732,0.006605322405861029,0.0032680670594061986,0.002718345486273056,0.00885398691525878,0.0030993672594461594,0.0036999655912579193,0.017553643761619657,0.006817815610258322,0.003000963757243307,0.004263665324105748,0.003970821953853383,0.004175710571036036,0.006817815610258322,0.003691254183108294,000086.tdms,85,850.0
12.890625,773.4375,0.2787195146083832,51.638842013563625,37.20633792312566,0.006576928067220434,0.0035888510124256587,0.002922190540500752,0.009326943978809146,0.003440365873858595,0.00390414507791991,0.016716879583087478,0.006234584300942828,0.003300610591005368,0.004418090374923003,0.004100413998125315,0.0036797109356127003,0.006234584300942828,0.004044484640244593,000087.tdms,86,860.0
12.890625,773.4375,0.3058773875236511,31.759257480959118,29.549309195597388,0.006543385104867096,0.0033646468875532763,0.0028496798478711955,0.008070476800006903,0.004095842752705644,0.0035323950177353902,0.016478283372743475,0.0067112382076732835,0.003628410728020765,0.019819306308764068,0.013710770244314196,0.011575517456549165,0.0067112382076732835,0.0049866429029072215,000088.tdms,87,870.0
15.625,937.5,0.6836063861846924,1267.8551475651952,97.21186375949384,0.020263012459251686,0.01420707981236866,0.008974803458152802,0.025756763563520683,0.011974479257800437,0.01420707981236866,0.03114685507107604,0.01645216447885281,0.01459448308034775,0.028988956760488224,0.03451124737593655,0.04949830064242532,0.01645216447885281,0.012720032374483803,000089.tdms,88,880.0
16.796875,1007.8125,0.4709503650665283,12.483695533114064,22.972934361155648,0.005514504243996222,0.0035276014504196512,0.0037031040033924873,0.005119786439260936,0.004472353593085601,0.0036427882748675997,0.009693949253132522,0.005990899448686583,0.00398586195650041,0.008461142259731694,0.015544775065442626,0.014466861978252483,0.006385155193727427,0.005901429988801522,000090.tdms,89,890.0
16.796875,1007.8125,0.513251781463623,1500.3824187200937,166.4081191638168,0.007763081198163456,0.006293295486052566,0.006502209304947563,0.008814519089909678,0.007443657234021217,0.006893254085240593,0.011325567660477424,0.008317375892381582,0.0070474070603054485,0.011767619366192337,0.02060957571918536,0.018541432254294714,0.009054324845072263,0.008582258048564755,000091.tdms,90,900.0
16.796875,1007.8125,0.42198336124420166,20.052276584299424,35.65635522153038,0.00565469917557737,0.0035277989696512876,0.0038209679459726073,0.0053293560874281,0.004295038010098796,0.003836388150297663,0.009301007309762537,0.00538511464033861,0.0037687561100249456,0.013782258608962983,0.015179478933832249,0.015429273234437286,0.0063553641903869515,0.0057989867617997395,000092.tdms,91,910.0
16.796875,1007.8125,0.4041402339935303,19.265939447753055,28.758228928662657,0.005618595439512831,0.0032685398961990655,0.003916367075465615,0.005221585076369051,0.003896652132979886,0.003992412659452215,0.007482022998269438,0.005150415319456364,0.0037534738281429073,0.00858512867498294,0.016192756729692333,0.013980716391755679,0.005971837482193693,0.005208391249975933,000093.tdms,92,920.0
16.796875,1007.8125,0.4191059172153473,3586.935975988728,247.17536723146165,0.007494697896777848,0.005138666400014427,0.004356027529382751,0.008968036187915408,0.006375850707220293,0.005772643357716574,0.011880773033187138,0.0075123761446115045,0.00580960878002858,0.010995435529013633,0.018727087261707947,0.01397855518171602,0.008539878035446447,0.008432260998646517,000094.tdms,93,930.0
13.28125,796.875,0.3675122857093811,114.57406348710256,99.51132961272224,0.005386270859726681,0.004095725214642079,0.007430825295477771,0.011905217155545952,0.004812163815805771,0.004137913841654131,0.008750027198504333,0.0043974808318756895,0.004368313486542817,0.008687719454619979,0.0072426685423753,0.009064093272472144,0.004027056778378575,0.005071282083073627,000095.tdms,94,940.0
12.890625,773.4375,0.2756824195384979,54.18304665202799,41.58659132118758,0.006036782794586592,0.003341878237160934,0.002829869159071738,0.0066471694873762085,0.0034446450709847416,0.003341878237160934,0.017485371661493644,0.0074233895617170234,0.0034441129808265576,0.005678261810225828,0.007903682753765556,0.00562421695902596,0.0074233895617170234,0.0043392723096019915,000096.tdms,95,950.0
12.890625,773.4375,0.273271769285202,52.04562645011878,39.21814096526095,0.005911320273194893,0.003205165211734622,0.002733045862704747,0.008310492537053354,0.0034592334100032865,0.0032431694445113316,0.016213290456545272,0.006757079627238321,0.002758038238675644,0.0047371542745159685,0.007557000536439252,0.007344028496495164,0.006757079627238321,0.00414285815041782,000097.tdms,96,960.0
12.890625,773.4375,0.2994075417518616,63.27626895605233,32.28586256836992,0.007930294697532517,0.003586261728539118,0.002766931505614194,0.009093969020968642,0.003847670109778229,0.003586261728539118,0.02256625538740265,0.008745026299240862,0.0036179021195929606,0.005707976653265988,0.00808294226828458,0.007732989701613119,0.008745026299240862,0.004361537189535199,000098.tdms,97,970.0
11.71875,703.125,0.44913947582244873,293.26142815987083,64.74405114056356,0.015370223186047862,0.00990400720511407,0.006975765733663075,0.015976757639691978,0.011224435465496285,0.009234977902510636,0.019376343942718578,0.013847297161194082,0.010843704930802979,0.02790130375371033,0.026229902640325584,0.028905455869025782,0.013847297161194082,0.0146382826584229,000099.tdms,98,980.0
10.15625,609.375,1.2932920455932617,374.256297528336,53.99587498110411,0.06605357446540161,0.03525501940912537,0.02570469970848604,0.08307281886429808,0.050002331456211635,0.033303321576513244,0.08059664088393677,0.05500189905601692,0.03835626325737993,0.13132618985279518,0.12955496803874234,0.13644737971549886,0.05500189905601692,0.06618236987566009,000100.tdms,99,990.0
12.5,750.0,3.3395941257476807,63.90119168595326,21.61573291246626,0.10856353804497262,0.059465282392029896,0.042207984923363764,0.13531222395425743,0.0889024762896104,0.061087315424649256,0.14730956271929319,0.08780972893604622,0.0705331091924438,0.3275022529311237,0.3082265429140829,0.26311948225536314,0.08780972893604622,0.11054423209612112,000101.tdms,100,1000.0
10.15625,609.375,3.5701444149017334,515.6422059643305,49.90602240336107,0.2703865577741896,0.0793935997568236,0.07995379134230296,0.1257760828121983,0.2379279390504678,0.09709407531339993,0.34028399693766687,0.10446458267572188,0.12086836488635178,0.18484376919142226,0.18565208135750416,0.20584195002496797,0.12410315910991804,0.12189730069163614,000102.tdms,101,1010.0
16.796875,1007.8125,0.7658723592758179,2776.4609763589174,129.29284004007718,0.024264223521205074,0.013416224057518907,0.012789762590121186,0.020922765389725265,0.01885522434940453,0.014978845257919598,0.024569575397352255,0.018856927353285705,0.013991655291212697,0.046717989732841456,0.036636128948950616,0.048322235558111666,0.021880645895297736,0.023807284687846736,000103.tdms,102,1020.0
16.796875,1007.8125,0.40461117029190063,32.42830288017921,65.45688468410631,0.004566837657825309,0.0034226991360656713,0.003333955916077939,0.005683203147568026,0.0038149023665874403,0.003350700504237632,0.008308415393733573,0.00622884163343236,0.00483687617472918,0.01137492272797722,0.01513531941744649,0.007750826971994064,0.00622884163343236,0.006064804076816943,000104.tdms,103,1030.0
11.328125,679.6875,0.9758524894714355,1929.49033361251,118.44499834107904,0.020862361013464024,0.02008943368689411,0.023411336038647347,0.023163182309830915,0.029852986200609916,0.017347611029237632,0.029983706519942255,0.03029131134577934,0.03267407252155213,0.029215616752353187,0.03175633396061875,0.038247561836999,0.03029131134577934,0.02304788956346756,000105.tdms,104,1040.0
16.796875,1007.8125,0.4991702437400818,661.5930480569026,133.84615807134045,0.0076928726739754994,0.005402535533321552,0.005242943031569304,0.008550214109341451,0.0067377718655768845,0.00572901692372154,0.01257835490215805,0.007921892992380804,0.005519362030109067,0.01204769352780099,0.01893884437283246,0.012487816131782709,0.010091504318766367,0.008366610786664947,000106.tdms,105,1050.0
16.796875,1007.8125,0.5106069445610046,10.891465012146318,33.58691040969406,0.00797464151050788,0.004327783644367145,0.004104424615710546,0.008834692021609546,0.005584676680982492,0.004327783644367145,0.015192345923768141,0.00913130137451213,0.004730663374594912,0.0170016188645985,0.02300449733085977,0.011735087814861368,0.01223694178965286,0.009133983448411714,000107.tdms,106,1060.0
15.234375,914.0625,0.5472255349159241,1143.0769911584484,62.96156823482089,0.016797117512081267,0.009227404510465055,0.008231393672421266,0.022560422706758194,0.013034478800034928,0.009227404510465055,0.027521419133629235,0.015635746288952774,0.025147604689580556,0.042873369896359294,0.04724390526234609,0.041424989030845606,0.015635746288952774,0.018408458659191655,000108.tdms,107,1070.0
12.890625,773.4375,0.6410779356956482,1036.6256496989783,63.04635831536656,0.02298656900277547,0.013037783817754443,0.0085494632327034,0.03273485219618423,0.018136483525763893,0.01336919281549949,0.039064247096539786,0.021304572746730848,0.015280180896104613,0.054459814123601576,0.05794349201596422,0.050785650334463105,0.020941781244414072,0.024789379788365408,000109.tdms,108,1080.0
12.5,750.0,1.5974427461624146,242.2225784628605,27.23560786342357,0.05226085706422754,0.031652282030622474,0.01992352634109707,0.07008267236443544,0.03842112010459014,0.03270414412787249,0.10474262043368816,0.04709350607273095,0.032001202601680954,0.1425195628192058,0.12894709126136125,0.12412084031280733,0.04709350607273095,0.0581393053190599,000110.tdms,109,1090.0
12.890625,773.4375,0.26557454466819763,103.46787162201016,39.35493064179999,0.007035042819799078,0.003439603063825628,0.002564743072445543,0.008281393380824181,0.0032588247895804995,0.003439603063825628,0.02144749533606059,0.008981396812802196,0.0032288964040154324,0.0038247115635787624,0.004133350103455773,0.0036872453711634602,0.008981396812802196,0.0036532975296399263,000111.tdms,110,1100.0
10.15625,609.375,0.3953130841255188,1284.5946032161603,78.31764439625569,0.016037272558331424,0.009154847793060287,0.007005202270245541,0.020697320995197735,0.01292571449381475,0.009212784789916172,0.026379276753406785,0.015182739556021453,0.010398101841092388,0.028079660050838565,0.031179771675390634,0.03297802198312288,0.015182739556021453,0.01817407476896444,000112.tdms,111,1110.0
15.625,937.5,0.3591965436935425,1168.3773987752688,82.5206077741002,0.009389912370713974,0.005148601638178845,0.0038834626873913407,0.012536609995053773,0.0069067801110399415,0.0053199556541965775,0.01977108612648991,0.009309242452725621,0.006080692007496255,0.02156401869573555,0.02728186684625068,0.019461719592714748,0.009309242452725621,0.009792871516112371,000113.tdms,112,1120.0
10.15625,609.375,1.9957948923110962,517.5568907424349,42.530493208642895,0.07745577878221253,0.04518089744282167,0.02764336210506477,0.09742757787456925,0.06836516646853523,0.04518089744282167,0.12171490597831917,0.06956069539897099,0.05422423502965747,0.2884015232940995,0.17709292462163687,0.2407257822422164,0.06956069539897099,0.06902985148326485,000114.tdms,113,1130.0
16.796875,1007.8125,1.5842939615249634,1370.7235438136772,106.14464612207911,0.049183748695917295,0.03611551553625227,0.03177502153784111,0.059734938694348746,0.04935006302422684,0.0409332353074638,0.08200862967220417,0.05219608924087832,0.03558744703717879,0.13432447562086794,0.08735164817415284,0.08597870407032965,0.06588178616342875,0.0692119886746695,000115.tdms,114,1140.0
13.28125,796.875,1.2570116519927979,2164.4443923129234,109.98978242657032,0.051961232386816596,0.033152356233462695,0.028309903739151224,0.050309062338362,0.034857630232928295,0.033152356233462695,0.03969452217414169,0.035068300593103625,0.04142222682017444,0.0837431525571527,0.046672808992332455,0.04245712267434348,0.05254661247992666,0.04654282071418318,000116.tdms,115,1150.0
13.28125,796.875,1.2489627599716187,3065.9920834744175,139.94991838835688,0.05499173049413721,0.02854530928473963,0.02429240767098061,0.06147402240749702,0.034405729994030035,0.027287390823498067,0.04687665233694499,0.036720885742123247,0.04781371046084807,0.07545535524969832,0.04165847424689501,0.04006334298861302,0.05441201529181586,0.05504487997545777,000117.tdms,116,1160.0
16.796875,1007.8125,0.5117725133895874,91.25264229896024,99.31321791757345,0.014349490311861892,0.00529372001910977,0.004492684304266651,0.01542066633893671,0.008474797334154318,0.0061443603904154775,0.03199416197185791,0.011192753677133654,0.006484899112869216,0.027687012660433965,0.03573017760335692,0.035294670527983456,0.015286978128646956,0.013824499553115764,000118.tdms,117,1170.0
16.796875,1007.8125,0.46893730759620667,76.85523724197311,84.02863820450368,0.010446735385725577,0.004829045016306088,0.004554708800465796,0.010284705667762501,0.007442677225429918,0.006211444448809003,0.022869463985504535,0.0075037979076740665,0.005034543399207285,0.01965184239559801,0.020471732162806153,0.013648126295599824,0.010527194802779583,0.010532786905129205,000119.tdms,118,1180.0
12.890625,773.4375,0.2383943647146225,48.83901227849128,44.98560885089892,0.004710470480032143,0.0027806616383610023,0.002281018189039776,0.005969546321137419,0.003352266402997962,0.0029389876418180584,0.012429677878270366,0.006815979038205514,0.002978188399435535,0.004271185580564854,0.004880588511522449,0.003551586354404768,0.006815979038205514,0.003648374048575876,000120.tdms,119,1190.0
13.28125,796.875,0.2642262578010559,69.4518757891318,37.36524203464892,0.0029293494356369834,0.002619105940630882,0.006799487249687258,0.01217081844508109,0.003193422393151992,0.0027878399431762436,0.00741099736794198,0.0029503505933532884,0.003021736030506314,0.004950555199262182,0.004311555496084065,0.003436586742633756,0.0029860686190190545,0.0032837416619429785,000121.tdms,120,1200.0
12.890625,773.4375,0.2542487382888794,71.3142280340596,39.26581154383008,0.006015864168581203,0.0034575565704757535,0.0027331508359114084,0.006520755340761578,0.0033175184140105695,0.0034575565704757535,0.018736563265044172,0.008020864472622728,0.003113018914214633,0.0038892557692732123,0.003434664091818039,0.003281065239799867,0.008020864472622728,0.0038854858387096973,000122.tdms,121,1210.0
12.890625,773.4375,0.24837626516819,80.06275632033771,37.535427746489745,0.005894415416755073,0.003243477448819254,0.002723952641432035,0.007227622776360285,0.003419823163621833,0.003243477448819254,0.01914246521892177,0.00824278832771939,0.0031376878853674943,0.004067950801709088,0.004271758363902438,0.0035758303553525884,0.00824278832771939,0.003550285638802144,000123.tdms,122,1220.0
12.890625,773.4375,0.24250808358192444,72.33653551445323,37.34510541129459,0.006123637650884198,0.0034444575754924087,0.0023349192737758665,0.008528118881405174,0.003316980819700703,0.0034444575754924087,0.016949180034797118,0.007415985509641086,0.0027252333453023593,0.003931125283294025,0.0039041283135422935,0.003314567446561229,0.007415985509641086,0.0031635395325413664,000124.tdms,123,1230.0
12.890625,773.4375,0.2790948748588562,33.232516617608255,32.47753957075752,0.005388443006624552,0.0028859002149281116,0.002284596719122282,0.006697755853427711,0.003245818828076718,0.0028859002149281116,0.014246337176965872,0.006798296544820266,0.002976775613866092,0.006563630370879498,0.00640167069686831,0.007692936159063902,0.006798296544820266,0.004067980602615213,000125.tdms,124,1240.0
16.796875,1007.8125,0.5289892554283142,10882.891595165369,238.58646911025133,0.013574183044881692,0.010976792962995068,0.009434760047317381,0.01491520774105832,0.012956059552271916,0.010976792962995068,0.014237003053562782,0.013450473102312299,0.012064127253259147,0.016843823294997864,0.017890396285360655,0.017558504638411663,0.014123327358087715,0.013947568282710807,000126.tdms,125,1250.0
16.796875,1007.8125,0.5233210921287537,436.36611987188445,117.55964614969855,0.007004204209988786,0.004630034861451694,0.005018353020207496,0.007382890127139689,0.005685048659397726,0.00583390502042756,0.015245751312374474,0.006952203663806767,0.005033011635840063,0.01239696077434613,0.01359229023921285,0.010453659362906808,0.0076125735502622725,0.007512728364737285,000127.tdms,126,1260.0
13.28125,796.875,1.7743462324142456,1058.865820381125,84.23210854125104,0.06909831141558546,0.040445816632981225,0.03864199386551716,0.06511578324206344,0.04355589426515169,0.040445816632981225,0.05016716825211156,0.05047963713480286,0.06028548719532826,0.10447690010870783,0.05926783408526996,0.04801160974382862,0.06798542907503272,0.05718525031473202,000128.tdms,127,1270.0
16.796875,1007.8125,2.0013928413391113,1356.9888581764753,87.38694923431552,0.09444275193399053,0.03909837248731457,0.03670801634519408,0.09889268031582768,0.0761084875634839,0.046475364673208924,0.1052819944248427,0.08936823843202155,0.05118852972173409,0.1903686775528895,0.1704671888683785,0.15775022784889667,0.09858864445783476,0.13041233484847448,000129.tdms,128,1280.0
16.796875,1007.8125,0.526825487613678,44.317210757905656,78.30710904870814,0.004716384057112768,0.003944364623790642,0.003191215962307927,0.006027208271798633,0.004262456396481956,0.003870872200691539,0.009592426962979688,0.005696567411617262,0.004758517763403878,0.008355983045342652,0.014748442347801885,0.011244145839854981,0.006303825622590303,0.005165991372597817,000130.tdms,129,1290.0
13.28125,796.875,1.2900153398513794,1317.806019988031,101.09234442425509,0.04621938519023191,0.026915604809503623,0.02343179785198087,0.03923644900799144,0.02847842484251953,0.025361033289547398,0.029964359896007636,0.02812625308797877,0.025891169226507565,0.0892618940500509,0.03710305327029681,0.033714305284714544,0.0361587489646188,0.03709093098907546,000131.tdms,130,1300.0
12.5,750.0,0.358252614736557,1068.195980903075,75.86534689442102,0.01429591061150313,0.009088993824692885,0.0064254353396846695,0.016326749403564086,0.010984785563186675,0.008997157100713795,0.020281677028288026,0.012178228740831196,0.010207901893628184,0.025946405408300843,0.02206069554416204,0.024112786783701642,0.012178228740831196,0.014602521580018664,000132.tdms,131,1310.0
12.890625,773.4375,0.2344241440296173,40.37660596911519,31.435834033925126,0.004833574304440229,0.002976304450700984,0.0020956524086312356,0.005927791691155391,0.0029505887459870678,0.002976304450700984,0.012034365749987152,0.004979546654362631,0.003096856983555045,0.003671744243165085,0.003333516328640536,0.003684163269773411,0.004979546654362631,0.003183156399710345,000133.tdms,132,1320.0
12.890625,773.4375,0.25195276737213135,24.537105011434466,32.44587333152593,0.004083387399218567,0.0029134831830865855,0.002251625149283227,0.00503248080131402,0.0029096838929167836,0.0029134831830865855,0.011338904447988457,0.00533735295719351,0.002766532179496814,0.007772426743018056,0.006204183907690275,0.006087417876482487,0.00533735295719351,0.003460922415571723,000134.tdms,133,1330.0
12.890625,773.4375,0.2578921318054199,44.17519236122618,36.366312340641116,0.00508276952916305,0.0032372391093582345,0.002184573003902742,0.0061248195151633175,0.0031149151879891444,0.0032372391093582345,0.015567030555894123,0.007384848425833708,0.0028430547815229195,0.004639462580163475,0.0039001123034237647,0.003242023473459402,0.007384848425833708,0.0039031886599686693,000135.tdms,134,1340.0
12.890625,773.4375,0.24965180456638336,30.66224220825148,30.001439311050255,0.004560926822684771,0.0027526399723912646,0.0023043434173159838,0.005760727380820626,0.002656423092346996,0.0027526399723912646,0.013026734900177035,0.006922201504681603,0.0025495345473305737,0.0039554246427510485,0.0039356735723962205,0.0030386306146044867,0.006922201504681603,0.003530012338378244,000136.tdms,135,1350.0
12.890625,773.4375,0.258947491645813,35.43168873879993,36.08908719188623,0.0048305354179997055,0.0026430608907212078,0.0024323366756550395,0.005963235302989002,0.0029218989409281033,0.0026430608907212078,0.012591085962980976,0.007103492191276977,0.0027076459527874764,0.004045537662910572,0.003917043345511324,0.0030023652941215647,0.007103492191276977,0.0033768004759951713,000137.tdms,136,1360.0
