alpha_th,cap_th,alpha_lgbm,cap_lgbm,cf,overall,B1,B2,B3,B4
0.8,2.0,1.0,1.1,0.94,0.5881,0.64,0.6214,0.6551,0.4359
0.8,2.0,0.8,1.2,0.91,0.5881,0.6479,0.6198,0.6447,0.4402
0.8,2.0,0.4,1.3,0.93,0.5879,0.6424,0.6199,0.6518,0.4374
0.8,2.0,0.8,1.1,0.94,0.5871,0.6358,0.6164,0.6642,0.432
0.8,2.0,0.4,1.2,0.94,0.587,0.6353,0.6162,0.6643,0.432
0.8,2.0,1.0,1.2,0.88,0.5869,0.647,0.6134,0.6472,0.44
1.0,2.0,1.0,1.1,0.92,0.5858,0.6406,0.6378,0.6319,0.4329
1.0,2.0,0.8,1.2,0.88,0.5857,0.6414,0.6296,0.6373,0.4343
0.6,2.0,0.8,1.2,0.93,0.5854,0.6495,0.6051,0.6434,0.4437
1.0,2.0,1.0,1.2,0.85,0.5854,0.6388,0.6225,0.6463,0.4339
1.0,2.0,0.4,1.3,0.91,0.5854,0.6412,0.6361,0.6301,0.4343
1.0,2.0,0.8,1.1,0.93,0.5854,0.6379,0.6384,0.6339,0.4315
1.0,2.0,0.4,1.2,0.93,0.5853,0.6375,0.6382,0.6339,0.4315
0.8,2.0,0.8,1.3,0.86,0.5851,0.6462,0.6107,0.6413,0.4421
0.6,2.0,1.0,1.2,0.91,0.5847,0.6541,0.6045,0.6337,0.4465
0.6,2.0,0.4,1.3,0.94,0.5845,0.6404,0.6,0.6594,0.4381
0.6,2.0,1.0,1.1,0.94,0.5843,0.6379,0.5965,0.6687,0.4342
1.0,2.0,0.8,1.3,0.83,0.5842,0.6369,0.6193,0.6451,0.4356
0.8,2.0,0.4,1.1,0.96,0.5837,0.6221,0.616,0.668,0.4289
0.6,2.0,0.8,1.1,0.95,0.5832,0.6318,0.5961,0.6721,0.4326
1.0,2.0,1.0,1.3,0.8,0.583,0.6344,0.6161,0.644,0.4375
0.6,2.0,0.4,1.2,0.95,0.583,0.6313,0.5959,0.6721,0.4326
0.6,2.0,0.8,1.3,0.88,0.5829,0.6511,0.5975,0.6367,0.4461
0.8,2.0,1.0,1.3,0.82,0.5829,0.6412,0.6034,0.6453,0.4417
1.0,2.0,0.4,1.1,0.94,0.5828,0.6299,0.6337,0.6411,0.4264
0.8,2.0,0.4,1.5,0.88,0.5827,0.6347,0.6083,0.6485,0.4394
1.0,2.0,0.4,1.5,0.85,0.5813,0.6274,0.6174,0.647,0.4333
0.4,2.0,1.0,1.2,0.93,0.581,0.656,0.5917,0.6259,0.4504
0.6,2.0,1.0,1.3,0.84,0.5808,0.6477,0.5913,0.638,0.4461
0.4,2.0,0.8,1.2,0.94,0.5807,0.6477,0.5875,0.6431,0.4446
1.0,1.5,1.0,1.1,0.93,0.5804,0.6384,0.6064,0.6447,0.4318
0.8,1.5,0.8,1.2,0.91,0.5803,0.6451,0.5943,0.6442,0.4375
1.0,1.3,1.0,1.1,0.94,0.5802,0.637,0.5893,0.6619,0.4325
0.6,2.0,0.4,1.5,0.9,0.5802,0.6382,0.5945,0.6451,0.4431
0.8,1.5,1.0,1.1,0.94,0.5799,0.6371,0.5952,0.654,0.4332
1.0,1.5,0.4,1.3,0.92,0.5798,0.6395,0.605,0.6413,0.4333
0.8,1.5,0.4,1.3,0.93,0.5798,0.6395,0.594,0.6509,0.4347
1.0,1.5,0.8,1.1,0.94,0.5796,0.6343,0.6066,0.6473,0.4303
1.0,1.3,0.4,1.3,0.93,0.5796,0.6394,0.5883,0.6569,0.434
1.0,1.5,0.4,1.2,0.94,0.5795,0.6339,0.6064,0.6473,0.4303
1.0,1.5,0.8,1.2,0.89,0.5795,0.641,0.6004,0.643,0.4335
0.4,2.0,0.8,1.3,0.9,0.5795,0.6555,0.5854,0.6266,0.4503
1.0,1.3,0.8,1.2,0.9,0.5795,0.6423,0.5843,0.6568,0.4344
0.6,2.0,0.4,1.1,0.97,0.5794,0.6154,0.5953,0.6774,0.4293
0.4,2.0,0.4,1.3,0.94,0.5793,0.6383,0.5785,0.6638,0.4365
1.0,1.3,0.8,1.1,0.95,0.5792,0.6309,0.5888,0.6661,0.4309
0.8,1.5,1.0,1.2,0.89,0.5792,0.6475,0.5937,0.6354,0.4401
0.4,2.0,1.0,1.1,0.94,0.579,0.6358,0.5754,0.6723,0.4325
1.0,1.3,0.4,1.2,0.95,0.579,0.6304,0.5886,0.6662,0.4309
0.6,1.5,0.8,1.2,0.93,0.5787,0.6474,0.5884,0.6375,0.4417
1.0,1.5,1.0,1.2,0.87,0.5786,0.6424,0.5996,0.6365,0.4358
0.8,1.5,0.8,1.1,0.95,0.5786,0.6311,0.5948,0.6569,0.4316
0.8,1.3,0.8,1.2,0.91,0.5785,0.6439,0.5772,0.6564,0.4362
0.8,1.5,0.4,1.2,0.95,0.5784,0.6306,0.5946,0.6569,0.4316
1.0,1.3,1.0,1.2,0.88,0.5783,0.6442,0.584,0.648,0.4368
0.6,1.5,1.0,1.2,0.91,0.5783,0.652,0.588,0.6285,0.4445
0.8,1.3,0.4,1.3,0.94,0.5781,0.6384,0.5808,0.6575,0.4357
0.8,2.0,0.0,3.0,0.98,0.578,0.6036,0.6154,0.6676,0.4255
0.8,2.0,0.0,2.0,0.98,0.578,0.6036,0.6154,0.6676,0.4255
0.8,2.0,0.0,1.1,0.98,0.578,0.6036,0.6154,0.6676,0.4255
0.8,2.0,0.0,1.2,0.98,0.578,0.6036,0.6154,0.6676,0.4255
0.8,2.0,0.0,1.3,0.98,0.578,0.6036,0.6154,0.6676,0.4255
0.8,2.0,0.0,1.5,0.98,0.578,0.6036,0.6154,0.6676,0.4255
0.8,1.3,1.0,1.1,0.94,0.5779,0.6359,0.5773,0.6665,0.4318
1.0,1.2,1.0,1.1,0.93,0.5779,0.6354,0.5671,0.6801,0.4292
1.0,2.0,0.0,3.0,0.96,0.5778,0.6162,0.6336,0.6387,0.4227
1.0,2.0,0.0,2.0,0.96,0.5778,0.6162,0.6336,0.6387,0.4227
1.0,2.0,0.0,1.5,0.96,0.5778,0.6162,0.6336,0.6387,0.4227
1.0,2.0,0.0,1.3,0.96,0.5778,0.6162,0.6336,0.6387,0.4227
1.0,2.0,0.0,1.2,0.96,0.5778,0.6162,0.6336,0.6387,0.4227
1.0,2.0,0.0,1.1,0.96,0.5778,0.6162,0.6336,0.6387,0.4227
0.4,2.0,0.8,1.1,0.95,0.5777,0.6297,0.5749,0.675,0.4309
0.4,2.0,1.0,1.3,0.86,0.5776,0.6536,0.5802,0.6259,0.4506
0.8,1.5,0.8,1.3,0.86,0.5775,0.6436,0.5873,0.6395,0.4396
0.8,1.3,1.0,1.2,0.89,0.5775,0.6463,0.5771,0.6478,0.4389
0.4,2.0,0.4,1.2,0.95,0.5775,0.6292,0.5747,0.6751,0.4309
1.0,1.2,0.4,1.3,0.92,0.5775,0.6366,0.5662,0.6765,0.4306
0.6,1.5,0.4,1.3,0.94,0.5774,0.6383,0.5837,0.6517,0.4361
1.0,1.2,0.8,1.1,0.94,0.5772,0.6314,0.5669,0.6828,0.4276
0.6,1.5,1.0,1.1,0.94,0.5772,0.6358,0.5801,0.6605,0.4322
1.0,1.2,0.8,1.2,0.9,0.5772,0.6409,0.567,0.6674,0.4334
0.8,1.2,0.8,1.2,0.91,0.5771,0.6428,0.5636,0.6666,0.4355
0.6,1.3,0.8,1.2,0.93,0.5771,0.6465,0.5745,0.6466,0.4407
1.0,1.2,0.4,1.2,0.94,0.577,0.6309,0.5667,0.6828,0.4276
1.0,1.5,0.8,1.3,0.84,0.5769,0.6376,0.5927,0.6422,0.4352
0.8,1.2,0.4,1.3,0.94,0.5767,0.6373,0.5668,0.6678,0.4349
0.8,1.2,1.0,1.1,0.94,0.5767,0.6348,0.5635,0.6774,0.431
0.6,1.3,1.0,1.2,0.91,0.5766,0.6511,0.5745,0.6371,0.4436
0.8,1.3,0.8,1.1,0.95,0.5766,0.6299,0.5767,0.6697,0.4302
0.6,1.5,0.8,1.3,0.88,0.5765,0.6492,0.5819,0.6307,0.4443
0.8,1.3,0.4,1.2,0.95,0.5765,0.6294,0.5765,0.6697,0.4302
1.0,1.3,0.8,1.3,0.85,0.5764,0.6398,0.5776,0.6518,0.4363
0.4,2.0,0.4,1.5,0.92,0.5764,0.6406,0.5821,0.636,0.4469
0.4,1.5,1.0,1.2,0.93,0.5763,0.6547,0.5814,0.6202,0.4491
1.0,1.5,0.4,1.1,0.96,0.5762,0.6206,0.606,0.651,0.4271
1.0,1.2,1.0,1.2,0.87,0.5762,0.6396,0.5629,0.6692,0.4333
0.6,1.2,0.8,1.2,0.93,0.5762,0.6456,0.5643,0.6549,0.4401
0.8,1.2,1.0,1.2,0.89,0.5762,0.6453,0.5637,0.6576,0.4381
0.6,1.3,0.4,1.3,0.94,0.5759,0.6374,0.5692,0.6621,0.4351
0.4,1.5,0.8,1.2,0.94,0.5759,0.6464,0.5768,0.6371,0.4433
0.6,1.3,1.0,1.1,0.94,0.5758,0.6349,0.5659,0.6713,0.4312
0.6,1.5,0.8,1.1,0.95,0.5758,0.6297,0.5795,0.6634,0.4306
0.8,1.3,0.8,1.3,0.86,0.5757,0.6424,0.5711,0.6507,0.4384
0.6,1.5,0.4,1.2,0.95,0.5757,0.6292,0.5793,0.6635,0.4306
0.6,1.2,1.0,1.2,0.91,0.5757,0.6503,0.5645,0.6451,0.443
0.4,1.3,1.0,1.2,0.92,0.5756,0.6523,0.5677,0.6366,0.4457
1.0,1.1,0.8,1.2,0.92,0.5755,0.644,0.5576,0.6631,0.4373
0.8,1.2,0.8,1.1,0.95,0.5754,0.6287,0.5628,0.6806,0.4294
0.8,1.5,1.0,1.3,0.83,0.5754,0.6429,0.5859,0.6305,0.4423
1.0,1.3,0.4,1.1,0.96,0.5754,0.6191,0.5835,0.6737,0.4254
0.4,1.3,0.8,1.2,0.93,0.5753,0.6455,0.5633,0.6525,0.4401
0.8,1.2,0.4,1.2,0.95,0.5752,0.6282,0.5626,0.6807,0.4294
1.0,1.5,1.0,1.3,0.81,0.5751,0.6357,0.591,0.6364,0.4374
0.4,1.5,0.8,1.3,0.9,0.5749,0.6542,0.5754,0.621,0.449
0.8,1.5,0.4,1.5,0.88,0.5749,0.6321,0.5843,0.6465,0.4369
1.0,1.1,0.4,1.3,0.94,0.5749,0.6364,0.5565,0.6723,0.4343
0.6,1.2,0.4,1.3,0.94,0.5749,0.6365,0.5592,0.6696,0.4345
0.4,1.2,1.0,1.2,0.92,0.5749,0.6517,0.5611,0.6417,0.4453
0.6,1.3,0.8,1.3,0.88,0.5749,0.6483,0.5687,0.6393,0.4433
0.8,1.5,0.4,1.1,0.96,0.5748,0.6192,0.5902,0.6635,0.4261
0.8,1.1,0.8,1.2,0.93,0.5748,0.6451,0.5577,0.6567,0.4397
1.0,1.1,1.0,1.2,0.89,0.5747,0.6444,0.5539,0.663,0.4375
0.6,1.5,1.0,1.3,0.84,0.5746,0.6458,0.5769,0.6315,0.4443
0.4,1.2,0.8,1.2,0.94,0.5746,0.6452,0.5608,0.65,0.4423
0.6,1.3,0.8,1.1,0.94,0.5746,0.6307,0.5616,0.6787,0.4274
0.4,1.5,0.4,1.3,0.94,0.5745,0.6369,0.5672,0.6588,0.4352
1.0,1.5,0.4,1.5,0.87,0.5745,0.6304,0.5944,0.6379,0.4352
0.8,1.2,0.8,1.3,0.86,0.5744,0.6414,0.5583,0.6603,0.4377
0.6,1.3,0.4,1.2,0.94,0.5744,0.6302,0.5614,0.6787,0.4274
0.6,1.2,1.0,1.1,0.94,0.5744,0.634,0.556,0.6772,0.4306
1.0,1.2,0.8,1.3,0.84,0.5744,0.6349,0.5575,0.6726,0.4328
1.0,1.3,1.0,1.3,0.81,0.5744,0.6343,0.5723,0.6549,0.436
1.0,1.1,1.0,1.1,0.94,0.5743,0.6339,0.5534,0.6797,0.4304
0.4,1.5,1.0,1.1,0.94,0.5743,0.6344,0.5638,0.6677,0.4312
0.8,1.1,1.0,1.2,0.91,0.5743,0.6498,0.5579,0.6471,0.4426
1.0,1.3,0.4,1.5,0.87,0.5742,0.6289,0.5744,0.6597,0.4336
0.4,1.3,0.8,1.3,0.9,0.5741,0.6537,0.5663,0.628,0.4484
0.6,1.2,0.8,1.3,0.88,0.5741,0.6475,0.5591,0.647,0.4428
0.4,1.3,0.4,1.3,0.94,0.5739,0.6363,0.5582,0.6666,0.4345
0.6,1.1,1.0,1.2,0.92,0.5739,0.6515,0.558,0.6411,0.4451
0.6,1.5,0.4,1.5,0.91,0.5737,0.6387,0.5827,0.6297,0.4438
0.6,1.1,0.8,1.2,0.94,0.5737,0.645,0.5577,0.6501,0.442
1.0,1.2,0.4,1.1,0.96,0.5736,0.6176,0.5655,0.6867,0.4244
0.8,1.3,1.0,1.3,0.83,0.5736,0.6419,0.5703,0.6413,0.4411
0.4,1.1,1.0,1.2,0.93,0.5735,0.6529,0.5581,0.6352,0.4476
0.4,2.0,0.4,1.1,0.97,0.5735,0.6133,0.5739,0.6791,0.4276
0.4,1.2,0.8,1.3,0.9,0.5735,0.6531,0.5598,0.6332,0.448
0.4,1.3,1.0,1.1,0.95,0.5733,0.632,0.5585,0.6699,0.4329
0.4,1.5,1.0,1.3,0.86,0.5732,0.6523,0.5705,0.6204,0.4494
0.8,1.3,0.4,1.5,0.89,0.5732,0.6337,0.572,0.6491,0.4382
0.8,1.1,0.4,1.3,0.94,0.5732,0.636,0.5527,0.6702,0.4341
0.6,2.0,0.0,1.2,0.99,0.5731,0.5945,0.5944,0.6778,0.4257
0.6,2.0,0.0,3.0,0.99,0.5731,0.5945,0.5944,0.6778,0.4257
0.6,2.0,0.0,2.0,0.99,0.5731,0.5945,0.5944,0.6778,0.4257
0.6,2.0,0.0,1.5,0.99,0.5731,0.5945,0.5944,0.6778,0.4257
0.6,1.3,1.0,1.3,0.84,0.5731,0.645,0.5641,0.6399,0.4434
0.6,2.0,0.0,1.3,0.99,0.5731,0.5945,0.5944,0.6778,0.4257
0.6,2.0,0.0,1.1,0.99,0.5731,0.5945,0.5944,0.6778,0.4257
0.6,1.2,0.8,1.1,0.95,0.573,0.628,0.5553,0.6796,0.429
0.8,1.3,0.4,1.1,0.96,0.5729,0.618,0.5715,0.6772,0.4248
0.4,1.5,0.8,1.1,0.95,0.5729,0.6284,0.5631,0.6706,0.4296
1.0,2.0,0.8,1.5,0.75,0.5729,0.6042,0.6008,0.6485,0.4381
1.0,1.1,0.8,1.1,0.95,0.5729,0.6278,0.5527,0.6822,0.4288
0.6,1.2,0.4,1.2,0.95,0.5728,0.6275,0.5551,0.6796,0.429
0.4,1.5,0.4,1.2,0.95,0.5728,0.6279,0.5629,0.6706,0.4296
1.0,1.1,0.8,1.3,0.87,0.5728,0.644,0.5526,0.6548,0.4398
1.0,1.2,1.0,1.3,0.81,0.5727,0.6331,0.557,0.6655,0.4351
1.0,1.1,0.4,1.2,0.95,0.5727,0.6273,0.5525,0.6822,0.4288
0.8,1.1,0.8,1.3,0.88,0.5726,0.647,0.5528,0.6483,0.4424
0.8,1.1,1.0,1.1,0.94,0.5726,0.6335,0.5496,0.6773,0.4302
0.8,2.0,0.8,1.5,0.77,0.5725,0.614,0.5908,0.6422,0.4428
0.8,1.2,1.0,1.3,0.82,0.5725,0.6367,0.5541,0.6616,0.4375
0.4,1.3,1.0,1.3,0.86,0.5724,0.6518,0.5619,0.6274,0.4488
0.6,1.1,0.8,1.3,0.9,0.5724,0.6529,0.5568,0.6322,0.4478
0.4,1.1,0.8,1.3,0.91,0.5724,0.6554,0.5569,0.627,0.4502
0.4,1.1,0.8,1.2,0.94,0.5724,0.6446,0.5538,0.6493,0.4418
0.4,1.2,0.4,1.3,0.94,0.5723,0.6358,0.5518,0.6676,0.4341
0.6,1.2,1.0,1.3,0.84,0.5723,0.6443,0.5549,0.6473,0.4429
1.0,1.2,0.4,1.5,0.87,0.5722,0.6276,0.5581,0.6705,0.4327
0.6,1.3,0.4,1.5,0.91,0.5721,0.6378,0.5694,0.6383,0.4429
0.8,1.2,0.4,1.5,0.89,0.5719,0.6326,0.5588,0.6589,0.4374
0.4,1.2,1.0,1.3,0.86,0.5719,0.6512,0.5557,0.6323,0.4484
0.6,2.0,0.4,2.0,0.86,0.5719,0.6286,0.5858,0.6289,0.4444
0.0,2.0,0.8,1.3,0.93,0.5717,0.6587,0.5572,0.616,0.4549
0.4,2.0,0.4,2.0,0.87,0.5717,0.6297,0.5692,0.6422,0.4455
0.0,1.3,0.8,1.3,0.93,0.5717,0.6587,0.5572,0.616,0.4549
0.6,1.1,0.4,1.3,0.94,0.5717,0.6356,0.5489,0.6683,0.4339
0.6,1.5,0.4,1.1,0.97,0.5717,0.6133,0.5782,0.668,0.4272
0.0,1.5,0.8,1.3,0.93,0.5717,0.6587,0.5572,0.616,0.4549
0.0,1.1,0.8,1.3,0.93,0.5717,0.6587,0.5572,0.616,0.4549
0.4,1.3,0.8,1.1,0.95,0.5717,0.6278,0.5544,0.6755,0.429
0.0,1.2,0.8,1.3,0.93,0.5717,0.6587,0.5572,0.616,0.4549
0.4,1.2,1.0,1.1,0.95,0.5716,0.6315,0.5521,0.6705,0.4325
0.4,1.5,0.4,1.5,0.92,0.5716,0.6393,0.5717,0.63,0.4456
0.4,1.3,0.4,1.2,0.95,0.5715,0.6273,0.5542,0.6756,0.429
0.0,2.0,1.0,1.2,0.94,0.5714,0.6525,0.5543,0.6288,0.4497
0.0,1.2,1.0,1.2,0.94,0.5714,0.6525,0.5543,0.6288,0.4497
0.0,1.1,1.0,1.2,0.94,0.5714,0.6525,0.5543,0.6288,0.4497
0.0,1.5,1.0,1.2,0.94,0.5714,0.6525,0.5543,0.6288,0.4497
0.0,1.3,1.0,1.2,0.94,0.5714,0.6525,0.5543,0.6288,0.4497
0.8,1.2,0.4,1.1,0.97,0.5713,0.6123,0.5614,0.6857,0.426
0.6,1.2,0.4,1.5,0.9,0.5713,0.6345,0.5555,0.6557,0.4396
0.8,1.1,0.8,1.1,0.95,0.5712,0.6274,0.5489,0.6799,0.4286
1.0,1.1,1.0,1.3,0.83,0.5711,0.6401,0.5488,0.6556,0.4398
0.6,1.1,1.0,1.1,0.95,0.571,0.6313,0.5491,0.6715,0.4323
0.8,1.1,0.4,1.2,0.95,0.571,0.6269,0.5487,0.68,0.4286
0.4,1.3,0.4,1.5,0.92,0.571,0.6387,0.5626,0.6378,0.445
0.4,1.1,1.0,1.3,0.87,0.5709,0.6544,0.553,0.6254,0.4507
0.8,1.1,1.0,1.3,0.84,0.5709,0.6438,0.5489,0.6482,0.4425
0.6,1.1,1.0,1.3,0.86,0.5709,0.651,0.5528,0.6314,0.4483
0.0,1.1,1.0,1.3,0.89,0.5708,0.6604,0.5533,0.6138,0.4557
0.0,1.3,1.0,1.3,0.89,0.5708,0.6604,0.5533,0.6138,0.4557
0.0,2.0,1.0,1.3,0.89,0.5708,0.6604,0.5533,0.6138,0.4557
0.0,1.2,1.0,1.3,0.89,0.5708,0.6604,0.5533,0.6138,0.4557
0.0,1.5,1.0,1.3,0.89,0.5708,0.6604,0.5533,0.6138,0.4557
0.6,1.3,0.4,1.1,0.97,0.5706,0.6124,0.5638,0.6801,0.4262
1.0,1.5,0.0,1.1,0.98,0.5705,0.6021,0.6053,0.651,0.4238
1.0,1.5,0.0,2.0,0.98,0.5705,0.6021,0.6053,0.651,0.4238
1.0,1.5,0.0,1.3,0.98,0.5705,0.6021,0.6053,0.651,0.4238
1.0,1.5,0.0,1.5,0.98,0.5705,0.6021,0.6053,0.651,0.4238
1.0,1.1,0.4,1.5,0.89,0.5705,0.6318,0.5491,0.6643,0.4368
1.0,1.5,0.0,1.2,0.98,0.5705,0.6021,0.6053,0.651,0.4238
1.0,1.5,0.0,3.0,0.98,0.5705,0.6021,0.6053,0.651,0.4238
0.4,1.2,0.4,1.5,0.92,0.5704,0.6381,0.5561,0.6428,0.4446
0.6,2.0,0.8,1.5,0.79,0.5703,0.6229,0.581,0.6295,0.4478
0.4,1.1,0.4,1.3,0.94,0.57,0.6352,0.5452,0.6661,0.4337
0.4,1.2,0.8,1.1,0.95,0.5699,0.6272,0.548,0.6758,0.4286
0.8,1.1,0.4,1.5,0.9,0.5699,0.634,0.5492,0.6573,0.4392
0.4,1.2,0.4,1.2,0.95,0.5697,0.6267,0.5479,0.6758,0.4286
0.0,2.0,0.8,1.2,0.94,0.5695,0.6437,0.5464,0.6466,0.4414
0.0,1.1,0.8,1.2,0.94,0.5695,0.6437,0.5464,0.6466,0.4414
0.0,1.2,0.8,1.2,0.94,0.5695,0.6437,0.5464,0.6466,0.4414
0.0,1.3,0.8,1.2,0.94,0.5695,0.6437,0.5464,0.6466,0.4414
0.0,1.5,0.8,1.2,0.94,0.5695,0.6437,0.5464,0.6466,0.4414
1.0,1.3,0.0,1.3,0.98,0.5694,0.6005,0.5822,0.6731,0.422
1.0,1.3,0.0,1.5,0.98,0.5694,0.6005,0.5822,0.6731,0.422
1.0,1.3,0.0,3.0,0.98,0.5694,0.6005,0.5822,0.6731,0.422
1.0,1.3,0.0,1.2,0.98,0.5694,0.6005,0.5822,0.6731,0.422
0.6,1.1,0.4,1.5,0.92,0.5694,0.6379,0.553,0.6422,0.4444
1.0,1.3,0.0,2.0,0.98,0.5694,0.6005,0.5822,0.6731,0.422
1.0,1.3,0.0,1.1,0.98,0.5694,0.6005,0.5822,0.6731,0.422
0.6,1.1,0.8,1.1,0.95,0.5693,0.627,0.5451,0.6768,0.4284
0.6,1.1,0.4,1.2,0.95,0.5692,0.6265,0.545,0.6768,0.4284
0.4,1.1,1.0,1.1,0.95,0.5692,0.6308,0.5454,0.6685,0.4321
0.8,2.0,0.4,2.0,0.83,0.5692,0.6206,0.5943,0.6238,0.4381
0.4,1.1,0.4,1.5,0.93,0.5688,0.6389,0.5531,0.6363,0.4469
0.4,1.5,0.4,1.1,0.97,0.5687,0.6119,0.5617,0.6749,0.4262
0.8,1.5,0.0,1.2,0.98,0.5687,0.6007,0.5893,0.6621,0.4227
0.8,1.5,0.0,1.3,0.98,0.5687,0.6007,0.5893,0.6621,0.4227
0.8,1.5,0.0,1.1,0.98,0.5687,0.6007,0.5893,0.6621,0.4227
0.8,1.5,0.0,2.0,0.98,0.5687,0.6007,0.5893,0.6621,0.4227
0.8,1.5,0.0,1.5,0.98,0.5687,0.6007,0.5893,0.6621,0.4227
0.8,1.5,0.0,3.0,0.98,0.5687,0.6007,0.5893,0.6621,0.4227
0.6,1.2,0.4,1.1,0.97,0.5685,0.6115,0.5538,0.6829,0.4256
1.0,1.1,0.4,1.1,0.96,0.5685,0.616,0.5479,0.687,0.4233
0.4,1.5,0.4,2.0,0.87,0.568,0.6284,0.5598,0.6397,0.4443
1.0,1.2,0.0,1.1,0.98,0.5677,0.599,0.5641,0.6867,0.4209
1.0,1.2,0.0,1.5,0.98,0.5677,0.599,0.5641,0.6867,0.4209
1.0,1.2,0.0,1.3,0.98,0.5677,0.599,0.5641,0.6867,0.4209
1.0,1.2,0.0,3.0,0.98,0.5677,0.599,0.5641,0.6867,0.4209
1.0,1.2,0.0,1.2,0.98,0.5677,0.599,0.5641,0.6867,0.4209
1.0,1.2,0.0,2.0,0.98,0.5677,0.599,0.5641,0.6867,0.4209
0.4,2.0,0.8,1.5,0.8,0.5676,0.6258,0.5676,0.6272,0.4496
0.4,1.3,0.4,2.0,0.87,0.5675,0.6279,0.5528,0.6455,0.4437
0.6,1.3,0.4,2.0,0.86,0.5675,0.6258,0.5585,0.6443,0.4416
0.4,1.1,0.8,1.1,0.95,0.5671,0.6266,0.5415,0.6722,0.4282
0.4,1.1,0.4,1.2,0.95,0.567,0.6261,0.5413,0.6723,0.4282
0.4,2.0,0.0,1.1,0.99,0.567,0.5923,0.5728,0.6788,0.424
0.4,2.0,0.0,1.5,0.99,0.567,0.5923,0.5728,0.6788,0.424
0.4,2.0,0.0,3.0,0.99,0.567,0.5923,0.5728,0.6788,0.424
0.4,2.0,0.0,1.2,0.99,0.567,0.5923,0.5728,0.6788,0.424
0.4,2.0,0.0,1.3,0.99,0.567,0.5923,0.5728,0.6788,0.424
0.4,2.0,0.0,2.0,0.99,0.567,0.5923,0.5728,0.6788,0.424
0.4,1.3,0.4,1.1,0.97,0.5669,0.6113,0.5529,0.6779,0.4256
0.8,1.3,0.0,1.1,0.98,0.5669,0.5994,0.5702,0.6767,0.4214
0.8,1.3,0.0,1.2,0.98,0.5669,0.5994,0.5702,0.6767,0.4214
0.8,1.3,0.0,1.3,0.98,0.5669,0.5994,0.5702,0.6767,0.4214
0.8,1.3,0.0,2.0,0.98,0.5669,0.5994,0.5702,0.6767,0.4214
0.8,1.3,0.0,1.5,0.98,0.5669,0.5994,0.5702,0.6767,0.4214
0.8,1.3,0.0,3.0,0.98,0.5669,0.5994,0.5702,0.6767,0.4214
0.8,1.3,0.4,2.0,0.85,0.5668,0.6236,0.5639,0.64,0.4396
0.8,1.1,0.4,1.1,0.97,0.5667,0.611,0.5474,0.6832,0.4252
0.6,1.5,0.4,2.0,0.86,0.5667,0.6266,0.569,0.6284,0.4425
0.0,1.3,0.4,1.5,0.94,0.5666,0.6382,0.5493,0.6299,0.449
0.0,1.5,0.4,1.5,0.94,0.5666,0.6382,0.5493,0.6299,0.449
0.0,1.2,0.4,1.5,0.94,0.5666,0.6382,0.5493,0.6299,0.449
0.0,1.1,0.4,1.5,0.94,0.5666,0.6382,0.5493,0.6299,0.449
0.0,2.0,0.4,1.5,0.94,0.5666,0.6382,0.5493,0.6299,0.449
0.4,1.2,0.4,2.0,0.88,0.5665,0.6303,0.5503,0.6394,0.446
0.6,1.1,0.4,2.0,0.87,0.5665,0.6272,0.5436,0.6522,0.4431
0.6,1.2,0.4,2.0,0.87,0.5664,0.628,0.5536,0.6401,0.4437
0.4,1.1,0.4,2.0,0.88,0.5664,0.6297,0.5436,0.6466,0.4456
0.8,1.1,0.4,2.0,0.86,0.5663,0.6245,0.5435,0.6564,0.4407
0.0,1.1,0.4,1.3,0.95,0.566,0.6326,0.5411,0.6549,0.4357
0.0,1.5,0.4,1.3,0.95,0.566,0.6326,0.5411,0.6549,0.4357
0.0,2.0,0.4,1.3,0.95,0.566,0.6326,0.5411,0.6549,0.4357
0.0,1.2,0.4,1.3,0.95,0.566,0.6326,0.5411,0.6549,0.4357
0.0,1.3,0.4,1.3,0.95,0.566,0.6326,0.5411,0.6549,0.4357
0.8,1.2,0.4,2.0,0.86,0.5659,0.6257,0.5567,0.6399,0.4414
1.0,1.1,0.4,2.0,0.85,0.5657,0.6218,0.5435,0.6593,0.4382
1.0,2.0,1.0,1.5,0.71,0.5657,0.5903,0.5892,0.6428,0.4407
0.0,1.2,0.4,2.0,0.91,0.5656,0.6368,0.5474,0.6247,0.4533
0.0,1.5,0.4,2.0,0.91,0.5656,0.6368,0.5474,0.6247,0.4533
0.0,1.3,0.4,2.0,0.91,0.5656,0.6368,0.5474,0.6247,0.4533
0.0,1.1,0.4,2.0,0.91,0.5656,0.6368,0.5474,0.6247,0.4533
0.0,2.0,0.4,2.0,0.91,0.5656,0.6368,0.5474,0.6247,0.4533
1.0,1.3,0.4,2.0,0.84,0.5654,0.6213,0.5694,0.6332,0.4376
0.8,1.5,0.4,2.0,0.85,0.5654,0.6247,0.5788,0.6174,0.4408
0.8,1.5,0.8,1.5,0.77,0.5653,0.6116,0.5711,0.6377,0.4406
1.0,1.2,0.4,2.0,0.85,0.5653,0.6232,0.5593,0.6394,0.4392
0.4,1.2,0.4,1.1,0.97,0.5652,0.6108,0.5465,0.6782,0.4252
0.6,1.5,0.0,1.5,0.99,0.5651,0.5923,0.5769,0.6678,0.4237
0.6,1.5,0.0,3.0,0.99,0.5651,0.5923,0.5769,0.6678,0.4237
0.6,1.5,0.0,2.0,0.99,0.5651,0.5923,0.5769,0.6678,0.4237
0.8,1.2,0.0,3.0,0.99,0.5651,0.5912,0.5599,0.6866,0.4224
0.6,1.5,0.0,1.3,0.99,0.5651,0.5923,0.5769,0.6678,0.4237
0.8,1.2,0.0,1.2,0.99,0.5651,0.5912,0.5599,0.6866,0.4224
0.8,1.2,0.0,2.0,0.99,0.5651,0.5912,0.5599,0.6866,0.4224
0.8,1.2,0.0,1.5,0.99,0.5651,0.5912,0.5599,0.6866,0.4224
0.8,1.2,0.0,1.3,0.99,0.5651,0.5912,0.5599,0.6866,0.4224
0.6,1.5,0.0,1.2,0.99,0.5651,0.5923,0.5769,0.6678,0.4237
0.6,1.5,0.0,1.1,0.99,0.5651,0.5923,0.5769,0.6678,0.4237
0.8,1.2,0.0,1.1,0.99,0.5651,0.5912,0.5599,0.6866,0.4224
1.0,1.5,0.8,1.5,0.75,0.565,0.6014,0.5743,0.6489,0.4354
0.0,2.0,1.0,1.1,0.95,0.5649,0.63,0.5382,0.6599,0.4316
0.0,1.1,1.0,1.1,0.95,0.5649,0.63,0.5382,0.6599,0.4316
0.0,1.2,1.0,1.1,0.95,0.5649,0.63,0.5382,0.6599,0.4316
0.0,1.5,1.0,1.1,0.95,0.5649,0.63,0.5382,0.6599,0.4316
0.0,1.3,1.0,1.1,0.95,0.5649,0.63,0.5382,0.6599,0.4316
0.8,2.0,1.0,1.5,0.73,0.5648,0.6004,0.5841,0.6286,0.4461
1.0,2.0,0.4,2.0,0.83,0.5645,0.6226,0.6182,0.5775,0.4396
0.6,1.5,0.8,1.5,0.79,0.5645,0.6212,0.5677,0.6232,0.4461
0.6,1.1,0.4,1.1,0.97,0.5644,0.6105,0.5436,0.6786,0.4249
0.6,1.3,0.0,3.0,0.99,0.5641,0.5913,0.5624,0.6801,0.4226
0.6,1.3,0.0,1.2,0.99,0.5641,0.5913,0.5624,0.6801,0.4226
0.6,1.3,0.0,1.3,0.99,0.5641,0.5913,0.5624,0.6801,0.4226
0.6,1.3,0.0,1.1,0.99,0.5641,0.5913,0.5624,0.6801,0.4226
0.6,1.3,0.0,1.5,0.99,0.5641,0.5913,0.5624,0.6801,0.4226
0.6,1.3,0.0,2.0,0.99,0.5641,0.5913,0.5624,0.6801,0.4226
1.0,1.3,0.8,1.5,0.76,0.5639,0.6058,0.5616,0.6511,0.437
0.6,2.0,1.0,1.5,0.74,0.5636,0.6049,0.5724,0.6288,0.4482
0.8,1.3,0.8,1.5,0.77,0.5636,0.6106,0.5566,0.6478,0.4396
1.0,1.5,0.4,2.0,0.84,0.5635,0.6227,0.589,0.6029,0.4391
0.4,1.5,0.8,1.5,0.8,0.5635,0.6246,0.5585,0.6223,0.4485
0.6,1.3,0.8,1.5,0.78,0.5631,0.6154,0.5515,0.6435,0.4421
0.0,1.3,0.8,1.1,0.95,0.563,0.6258,0.5344,0.6639,0.4278
0.0,1.2,0.8,1.1,0.95,0.563,0.6258,0.5344,0.6639,0.4278
0.0,1.1,0.8,1.1,0.95,0.563,0.6258,0.5344,0.6639,0.4278
0.4,1.3,0.8,1.5,0.8,0.563,0.6241,0.5506,0.6292,0.448
0.0,2.0,0.8,1.1,0.95,0.563,0.6258,0.5344,0.6639,0.4278
0.0,1.5,0.8,1.1,0.95,0.563,0.6258,0.5344,0.6639,0.4278
0.0,1.3,0.4,1.2,0.95,0.5628,0.6253,0.5343,0.664,0.4278
0.0,2.0,0.4,1.2,0.95,0.5628,0.6253,0.5343,0.664,0.4278
0.0,1.2,0.4,1.2,0.95,0.5628,0.6253,0.5343,0.664,0.4278
0.0,1.1,0.4,1.2,0.95,0.5628,0.6253,0.5343,0.664,0.4278
0.0,1.5,0.4,1.2,0.95,0.5628,0.6253,0.5343,0.664,0.4278
0.8,1.2,0.8,1.5,0.77,0.5627,0.6097,0.5454,0.6566,0.4389
0.6,1.2,0.8,1.5,0.78,0.5625,0.6147,0.5432,0.6504,0.4416
0.4,1.2,0.8,1.5,0.8,0.5625,0.6237,0.545,0.6337,0.4476
1.0,1.2,0.8,1.5,0.76,0.5624,0.6047,0.5475,0.6611,0.4362
0.4,1.5,0.0,1.1,0.99,0.5622,0.5909,0.5602,0.6749,0.4227
0.4,1.5,0.0,1.2,0.99,0.5622,0.5909,0.5602,0.6749,0.4227
0.4,1.5,0.0,1.5,0.99,0.5622,0.5909,0.5602,0.6749,0.4227
0.4,1.5,0.0,2.0,0.99,0.5622,0.5909,0.5602,0.6749,0.4227
0.4,1.5,0.0,3.0,0.99,0.5622,0.5909,0.5602,0.6749,0.4227
0.4,1.5,0.0,1.3,0.99,0.5622,0.5909,0.5602,0.6749,0.4227
0.4,1.1,0.4,1.1,0.97,0.5622,0.6101,0.54,0.6739,0.4247
1.0,1.1,0.0,3.0,0.99,0.5621,0.5903,0.5497,0.6866,0.4218
1.0,1.1,0.0,1.2,0.99,0.5621,0.5903,0.5497,0.6866,0.4218
1.0,1.1,0.0,1.1,0.99,0.5621,0.5903,0.5497,0.6866,0.4218
1.0,1.1,0.0,1.5,0.99,0.5621,0.5903,0.5497,0.6866,0.4218
1.0,1.1,0.0,2.0,0.99,0.5621,0.5903,0.5497,0.6866,0.4218
1.0,1.1,0.0,1.3,0.99,0.5621,0.5903,0.5497,0.6866,0.4218
0.6,1.2,0.0,1.2,0.99,0.5616,0.5905,0.5523,0.6814,0.422
0.6,1.2,0.0,3.0,0.99,0.5616,0.5905,0.5523,0.6814,0.422
0.6,1.2,0.0,2.0,0.99,0.5616,0.5905,0.5523,0.6814,0.422
0.6,1.2,0.0,1.5,0.99,0.5616,0.5905,0.5523,0.6814,0.422
0.6,1.2,0.0,1.3,0.99,0.5616,0.5905,0.5523,0.6814,0.422
0.6,1.2,0.0,1.1,0.99,0.5616,0.5905,0.5523,0.6814,0.422
0.6,1.1,0.8,1.5,0.8,0.5615,0.6235,0.5423,0.6328,0.4474
0.4,2.0,1.0,1.5,0.75,0.5614,0.6093,0.5613,0.6247,0.4502
0.8,1.1,0.8,1.5,0.79,0.5614,0.6192,0.5417,0.6403,0.4444
0.4,1.1,0.8,1.5,0.81,0.5614,0.6273,0.5425,0.6257,0.45
0.0,1.2,0.8,1.5,0.83,0.5613,0.6347,0.5427,0.6125,0.4554
0.0,1.5,0.8,1.5,0.83,0.5613,0.6347,0.5427,0.6125,0.4554
1.0,1.1,0.8,1.5,0.78,0.5613,0.6146,0.541,0.6481,0.4415
0.0,1.3,0.8,1.5,0.83,0.5613,0.6347,0.5427,0.6125,0.4554
0.0,2.0,0.8,1.5,0.83,0.5613,0.6347,0.5427,0.6125,0.4554
0.0,1.1,0.8,1.5,0.83,0.5613,0.6347,0.5427,0.6125,0.4554
0.4,1.3,0.0,1.5,0.99,0.5599,0.5903,0.5514,0.676,0.422
0.4,1.3,0.0,1.2,0.99,0.5599,0.5903,0.5514,0.676,0.422
0.4,1.3,0.0,1.1,0.99,0.5599,0.5903,0.5514,0.676,0.422
0.4,1.3,0.0,3.0,0.99,0.5599,0.5903,0.5514,0.676,0.422
0.4,1.3,0.0,2.0,0.99,0.5599,0.5903,0.5514,0.676,0.422
0.4,1.3,0.0,1.3,0.99,0.5599,0.5903,0.5514,0.676,0.422
0.8,1.1,0.0,1.5,0.99,0.5597,0.5899,0.5459,0.6813,0.4215
0.8,1.1,0.0,1.3,0.99,0.5597,0.5899,0.5459,0.6813,0.4215
0.8,1.1,0.0,1.1,0.99,0.5597,0.5899,0.5459,0.6813,0.4215
0.8,1.1,0.0,3.0,0.99,0.5597,0.5899,0.5459,0.6813,0.4215
0.8,1.1,0.0,1.2,0.99,0.5597,0.5899,0.5459,0.6813,0.4215
0.8,1.1,0.0,2.0,0.99,0.5597,0.5899,0.5459,0.6813,0.4215
0.6,1.5,1.0,1.5,0.74,0.5582,0.6032,0.5602,0.6227,0.4467
1.0,1.5,1.0,1.5,0.71,0.5581,0.5876,0.5646,0.6421,0.4381
0.4,1.2,0.0,2.0,1.0,0.558,0.5823,0.5483,0.6777,0.4235
0.4,1.2,0.0,1.5,1.0,0.558,0.5823,0.5483,0.6777,0.4235
0.4,1.2,0.0,3.0,1.0,0.558,0.5823,0.5483,0.6777,0.4235
0.4,1.2,0.0,1.3,1.0,0.558,0.5823,0.5483,0.6777,0.4235
0.4,1.2,0.0,1.2,1.0,0.558,0.5823,0.5483,0.6777,0.4235
0.4,1.2,0.0,1.1,1.0,0.558,0.5823,0.5483,0.6777,0.4235
0.8,1.5,1.0,1.5,0.72,0.558,0.5923,0.5596,0.6395,0.4407
0.0,1.5,0.4,1.1,0.98,0.5576,0.6037,0.5359,0.6643,0.4264
0.4,1.5,1.0,1.5,0.75,0.5576,0.6082,0.5527,0.6203,0.4492
0.0,1.2,0.4,1.1,0.98,0.5576,0.6037,0.5359,0.6643,0.4264
0.0,2.0,0.4,1.1,0.98,0.5576,0.6037,0.5359,0.6643,0.4264
0.0,1.1,0.4,1.1,0.98,0.5576,0.6037,0.5359,0.6643,0.4264
0.0,1.3,0.4,1.1,0.98,0.5576,0.6037,0.5359,0.6643,0.4264
0.6,1.1,0.0,2.0,0.99,0.5573,0.5895,0.5421,0.6761,0.4213
0.6,1.1,0.0,1.5,0.99,0.5573,0.5895,0.5421,0.6761,0.4213
0.6,1.1,0.0,3.0,0.99,0.5573,0.5895,0.5421,0.6761,0.4213
0.6,1.1,0.0,1.1,0.99,0.5573,0.5895,0.5421,0.6761,0.4213
0.6,1.1,0.0,1.2,0.99,0.5573,0.5895,0.5421,0.6761,0.4213
0.6,1.1,0.0,1.3,0.99,0.5573,0.5895,0.5421,0.6761,0.4213
0.4,1.3,1.0,1.5,0.75,0.5572,0.6077,0.5453,0.6269,0.4487
0.0,2.0,1.0,1.5,0.78,0.557,0.6238,0.54,0.6073,0.4569
0.0,1.5,1.0,1.5,0.78,0.557,0.6238,0.54,0.6073,0.4569
0.0,1.3,1.0,1.5,0.78,0.557,0.6238,0.54,0.6073,0.4569
0.0,1.1,1.0,1.5,0.78,0.557,0.6238,0.54,0.6073,0.4569
0.0,1.2,1.0,1.5,0.78,0.557,0.6238,0.54,0.6073,0.4569
0.6,1.3,1.0,1.5,0.74,0.5568,0.6025,0.5489,0.6301,0.4459
0.4,1.2,1.0,1.5,0.75,0.5567,0.6073,0.5401,0.6311,0.4483
0.8,1.3,1.0,1.5,0.73,0.5564,0.5972,0.5518,0.6336,0.443
1.0,1.3,1.0,1.5,0.71,0.5564,0.5865,0.5482,0.654,0.4369
0.6,1.2,1.0,1.5,0.74,0.5562,0.6018,0.541,0.6367,0.4454
0.4,1.1,1.0,1.5,0.76,0.5561,0.6127,0.5386,0.6221,0.451
0.6,1.1,1.0,1.5,0.75,0.5558,0.6071,0.5376,0.6301,0.4482
0.8,1.2,1.0,1.5,0.72,0.5555,0.5905,0.5354,0.6572,0.439
0.6,1.1,0.4,3.0,0.87,0.5554,0.6298,0.5419,0.6034,0.4464
1.0,1.2,1.0,1.5,0.71,0.5552,0.5854,0.5353,0.6638,0.4361
0.4,1.1,0.4,3.0,0.88,0.5552,0.6323,0.542,0.5974,0.449
0.8,1.1,1.0,1.5,0.74,0.5552,0.6014,0.5358,0.6387,0.4451
0.8,1.1,0.4,3.0,0.86,0.5552,0.6271,0.5418,0.6081,0.4439
0.4,1.1,0.0,3.0,0.99,0.5549,0.5891,0.5385,0.6711,0.4211
0.4,1.1,0.0,2.0,0.99,0.5549,0.5891,0.5385,0.6711,0.4211
0.4,1.1,0.0,1.5,0.99,0.5549,0.5891,0.5385,0.6711,0.4211
0.4,1.1,0.0,1.3,0.99,0.5549,0.5891,0.5385,0.6711,0.4211
0.4,1.1,0.0,1.2,0.99,0.5549,0.5891,0.5385,0.6711,0.4211
0.4,1.1,0.0,1.1,0.99,0.5549,0.5891,0.5385,0.6711,0.4211
1.0,1.1,0.4,3.0,0.85,0.5548,0.6243,0.5417,0.6116,0.4414
1.0,1.1,1.0,1.5,0.73,0.5546,0.5957,0.5333,0.6477,0.4419
0.0,1.2,0.4,3.0,0.89,0.5545,0.6344,0.5386,0.5935,0.4514
0.0,1.3,0.4,3.0,0.89,0.5545,0.6344,0.5386,0.5935,0.4514
0.4,1.2,0.4,3.0,0.86,0.5545,0.6269,0.5411,0.606,0.4439
0.0,1.5,0.4,3.0,0.89,0.5545,0.6344,0.5386,0.5935,0.4514
0.0,1.1,0.4,3.0,0.89,0.5545,0.6344,0.5386,0.5935,0.4514
0.0,2.0,0.4,3.0,0.89,0.5545,0.6344,0.5386,0.5935,0.4514
0.6,1.2,0.4,3.0,0.85,0.5538,0.6245,0.544,0.605,0.4416
0.4,1.3,0.4,3.0,0.86,0.5534,0.6275,0.5468,0.5951,0.4443
0.0,2.0,0.8,2.0,0.75,0.5531,0.5993,0.5299,0.6322,0.4512
0.0,1.1,0.8,2.0,0.75,0.5531,0.5993,0.5299,0.6322,0.4512
0.0,1.2,0.8,2.0,0.75,0.5531,0.5993,0.5299,0.6322,0.4512
0.0,1.5,0.8,2.0,0.75,0.5531,0.5993,0.5299,0.6322,0.4512
0.0,1.3,0.8,2.0,0.75,0.5531,0.5993,0.5299,0.6322,0.4512
0.4,2.0,0.8,2.0,0.74,0.553,0.5967,0.5548,0.6097,0.4507
0.8,1.2,0.4,3.0,0.84,0.5523,0.6219,0.547,0.6009,0.4394
0.6,1.3,0.4,3.0,0.85,0.5522,0.6253,0.5527,0.5887,0.4422
0.4,1.1,0.8,2.0,0.74,0.5518,0.5941,0.5308,0.6337,0.4484
0.6,1.1,0.8,2.0,0.74,0.551,0.5945,0.5335,0.6274,0.4486
0.4,1.2,0.8,2.0,0.74,0.551,0.5946,0.5356,0.625,0.4488
0.4,1.3,0.8,2.0,0.74,0.5509,0.5951,0.5401,0.6194,0.4491
0.6,2.0,0.8,2.0,0.73,0.5508,0.5924,0.5663,0.5956,0.4489
0.4,1.5,0.4,3.0,0.86,0.5507,0.6281,0.5545,0.5751,0.445
1.0,1.2,0.4,3.0,0.82,0.5506,0.6156,0.5463,0.6057,0.4347
0.8,1.3,0.4,3.0,0.84,0.5504,0.623,0.5586,0.5798,0.4402
0.4,1.5,0.8,2.0,0.74,0.55,0.5956,0.546,0.6086,0.4496
0.0,1.1,0.0,1.1,1.0,0.5499,0.5808,0.5344,0.6617,0.4226
0.0,1.5,0.0,1.2,1.0,0.5499,0.5808,0.5344,0.6617,0.4226
0.0,1.2,0.0,3.0,1.0,0.5499,0.5808,0.5344,0.6617,0.4226
0.0,1.2,0.0,2.0,1.0,0.5499,0.5808,0.5344,0.6617,0.4226
0.0,1.3,0.0,1.1,1.0,0.5499,0.5808,0.5344,0.6617,0.4226
0.0,1.2,0.0,1.5,1.0,0.5499,0.5808,0.5344,0.6617,0.4226
0.0,2.0,0.0,1.5,1.0,0.5499,0.5808,0.5344,0.6617,0.4226
0.0,1.2,0.0,1.3,1.0,0.5499,0.5808,0.5344,0.6617,0.4226
0.0,1.1,0.0,1.2,1.0,0.5499,0.5808,0.5344,0.6617,0.4226
0.0,1.2,0.0,1.2,1.0,0.5499,0.5808,0.5344,0.6617,0.4226
0.8,1.1,0.8,2.0,0.74,0.5499,0.5948,0.5361,0.6201,0.4488
0.0,1.3,0.0,1.2,1.0,0.5499,0.5808,0.5344,0.6617,0.4226
0.0,1.5,0.0,2.0,1.0,0.5499,0.5808,0.5344,0.6617,0.4226
0.0,1.2,0.0,1.1,1.0,0.5499,0.5808,0.5344,0.6617,0.4226
0.0,2.0,0.0,1.1,1.0,0.5499,0.5808,0.5344,0.6617,0.4226
0.0,1.3,0.0,1.3,1.0,0.5499,0.5808,0.5344,0.6617,0.4226
0.0,1.3,0.0,1.5,1.0,0.5499,0.5808,0.5344,0.6617,0.4226
0.0,1.3,0.0,2.0,1.0,0.5499,0.5808,0.5344,0.6617,0.4226
0.0,2.0,0.0,1.2,1.0,0.5499,0.5808,0.5344,0.6617,0.4226
0.0,1.3,0.0,3.0,1.0,0.5499,0.5808,0.5344,0.6617,0.4226
0.0,1.1,0.0,3.0,1.0,0.5499,0.5808,0.5344,0.6617,0.4226
0.0,1.5,0.0,1.5,1.0,0.5499,0.5808,0.5344,0.6617,0.4226
0.0,1.1,0.0,2.0,1.0,0.5499,0.5808,0.5344,0.6617,0.4226
0.4,2.0,0.4,3.0,0.86,0.5499,0.6294,0.5663,0.5576,0.4462
0.0,1.5,0.0,1.1,1.0,0.5499,0.5808,0.5344,0.6617,0.4226
0.0,1.1,0.0,1.5,1.0,0.5499,0.5808,0.5344,0.6617,0.4226
0.0,2.0,0.0,1.3,1.0,0.5499,0.5808,0.5344,0.6617,0.4226
0.0,1.1,0.0,1.3,1.0,0.5499,0.5808,0.5344,0.6617,0.4226
0.0,2.0,0.0,3.0,1.0,0.5499,0.5808,0.5344,0.6617,0.4226
0.0,2.0,0.0,2.0,1.0,0.5499,0.5808,0.5344,0.6617,0.4226
0.0,1.5,0.0,1.3,1.0,0.5499,0.5808,0.5344,0.6617,0.4226
0.0,1.5,0.0,3.0,1.0,0.5499,0.5808,0.5344,0.6617,0.4226
0.6,1.2,0.8,2.0,0.74,0.5496,0.5952,0.5408,0.6134,0.4491
0.6,1.3,0.8,2.0,0.74,0.5492,0.5959,0.5478,0.6035,0.4496
1.0,2.0,0.4,3.0,0.86,0.549,0.6357,0.6401,0.4692,0.4512
1.0,1.1,0.8,2.0,0.73,0.5489,0.5893,0.5337,0.6267,0.4459
0.6,1.5,0.8,2.0,0.74,0.5485,0.5966,0.5575,0.5895,0.4504
1.0,1.3,0.4,3.0,0.82,0.5483,0.6169,0.5607,0.5799,0.4357
0.6,1.5,0.4,3.0,0.85,0.5482,0.6261,0.5647,0.5588,0.4432
0.6,2.0,0.4,3.0,0.85,0.5482,0.6282,0.584,0.5354,0.4451
0.8,1.3,0.8,2.0,0.74,0.5479,0.5967,0.5559,0.5888,0.4501
0.8,1.2,0.8,2.0,0.73,0.5479,0.5899,0.5408,0.6145,0.4464
0.8,2.0,0.4,3.0,0.85,0.5477,0.6303,0.608,0.5059,0.4467
1.0,1.3,0.8,2.0,0.73,0.5466,0.5916,0.5585,0.5887,0.4476
0.8,2.0,0.8,2.0,0.73,0.5465,0.5941,0.5856,0.556,0.4503
1.0,1.2,0.8,2.0,0.73,0.5464,0.5905,0.5461,0.6022,0.4467
0.8,1.5,0.8,2.0,0.73,0.5461,0.5918,0.5636,0.5809,0.4481
0.8,1.5,0.4,3.0,0.84,0.5456,0.6242,0.5752,0.5415,0.4415
1.0,1.5,0.4,3.0,0.84,0.5436,0.6254,0.5906,0.516,0.4424
1.0,2.0,0.8,2.0,0.73,0.5434,0.5958,0.6067,0.5195,0.4516
1.0,1.5,0.8,2.0,0.73,0.5432,0.5928,0.5762,0.5549,0.4489
0.0,1.2,1.0,2.0,0.7,0.543,0.5808,0.5196,0.6174,0.4544
0.0,1.1,1.0,2.0,0.7,0.543,0.5808,0.5196,0.6174,0.4544
0.0,2.0,1.0,2.0,0.7,0.543,0.5808,0.5196,0.6174,0.4544
0.0,1.3,1.0,2.0,0.7,0.543,0.5808,0.5196,0.6174,0.4544
0.0,1.5,1.0,2.0,0.7,0.543,0.5808,0.5196,0.6174,0.4544
0.4,2.0,1.0,2.0,0.69,0.5418,0.5779,0.5424,0.5938,0.4533
0.4,1.1,1.0,2.0,0.69,0.5413,0.5756,0.5195,0.6189,0.4512
0.6,1.1,1.0,2.0,0.69,0.5403,0.5758,0.522,0.612,0.4514
0.4,1.2,1.0,2.0,0.69,0.5402,0.576,0.524,0.6093,0.4515
0.4,1.3,1.0,2.0,0.69,0.5399,0.5764,0.5283,0.6032,0.4518
0.4,1.5,1.0,2.0,0.69,0.5395,0.5769,0.534,0.5949,0.4523
0.8,1.1,1.0,2.0,0.68,0.5392,0.5704,0.5192,0.6193,0.4481
0.6,2.0,1.0,2.0,0.68,0.5392,0.5737,0.5525,0.5797,0.4511
0.6,1.2,1.0,2.0,0.69,0.5387,0.5765,0.5289,0.5976,0.4518
0.6,1.3,1.0,2.0,0.69,0.5387,0.5771,0.5356,0.5898,0.4523
1.0,1.1,1.0,2.0,0.68,0.5382,0.5707,0.5217,0.6123,0.4482
0.6,1.5,1.0,2.0,0.69,0.5376,0.5778,0.5448,0.5749,0.4531
0.8,1.3,1.0,2.0,0.69,0.5375,0.5779,0.5432,0.5759,0.4528
0.8,1.2,1.0,2.0,0.69,0.5373,0.5771,0.534,0.5858,0.4522
1.0,1.2,1.0,2.0,0.68,0.5361,0.5719,0.5334,0.59,0.449
1.0,1.3,1.0,2.0,0.68,0.5361,0.5729,0.545,0.5768,0.4498
0.8,1.5,1.0,2.0,0.68,0.5353,0.5731,0.5498,0.5681,0.4503
0.8,2.0,1.0,2.0,0.68,0.5352,0.5752,0.5703,0.543,0.4523
1.0,2.0,1.0,2.0,0.68,0.5325,0.5768,0.5897,0.5101,0.4536
1.0,1.5,1.0,2.0,0.68,0.5324,0.5741,0.5615,0.5431,0.451
1.0,2.0,0.8,3.0,0.74,0.5276,0.6071,0.6241,0.4176,0.4616
0.8,2.0,0.8,3.0,0.74,0.5249,0.6052,0.6011,0.433,0.4601
1.0,1.5,1.0,3.0,0.91,0.523,0.6835,0.7274,0.1273,0.5537
0.0,1.2,0.8,3.0,0.75,0.5229,0.604,0.5293,0.5006,0.4576
0.0,2.0,0.8,3.0,0.75,0.5229,0.604,0.5293,0.5006,0.4576
0.0,1.1,0.8,3.0,0.75,0.5229,0.604,0.5293,0.5006,0.4576
0.0,1.5,0.8,3.0,0.75,0.5229,0.604,0.5293,0.5006,0.4576
0.0,1.3,0.8,3.0,0.75,0.5229,0.604,0.5293,0.5006,0.4576
0.6,2.0,0.8,3.0,0.74,0.5228,0.6034,0.5797,0.4497,0.4586
1.0,1.5,0.8,3.0,0.94,0.5223,0.6821,0.7168,0.1582,0.5322
0.4,2.0,0.8,3.0,0.74,0.5217,0.6016,0.5598,0.4684,0.4572
0.4,1.1,0.8,3.0,0.74,0.5215,0.5988,0.5305,0.5021,0.4547
0.8,2.0,1.0,3.0,0.89,0.5214,0.6902,0.7039,0.1453,0.5463
0.4,1.3,0.8,3.0,0.74,0.5206,0.5998,0.5412,0.4859,0.4554
0.6,1.1,0.8,3.0,0.73,0.5206,0.5932,0.528,0.5093,0.4517
0.4,1.2,0.8,3.0,0.74,0.5205,0.5993,0.536,0.4918,0.4551
0.4,1.5,0.8,3.0,0.74,0.5202,0.6003,0.5485,0.4761,0.456
0.6,2.0,1.0,3.0,0.89,0.5198,0.6875,0.6957,0.1516,0.5442
0.6,1.5,0.8,3.0,0.74,0.5197,0.6014,0.5614,0.4591,0.4569
0.8,1.1,0.8,3.0,0.73,0.5197,0.5935,0.531,0.5022,0.4519
0.6,1.3,0.8,3.0,0.74,0.5196,0.6006,0.55,0.4719,0.456
0.8,1.5,0.8,3.0,0.74,0.5196,0.6026,0.5749,0.4433,0.4578
1.0,2.0,1.0,3.0,0.88,0.5196,0.6916,0.6957,0.1474,0.5438
0.6,1.2,0.8,3.0,0.74,0.5193,0.5999,0.5419,0.4799,0.4555
0.8,1.5,1.0,3.0,0.92,0.5191,0.6773,0.7163,0.1256,0.5572
0.8,1.3,0.8,3.0,0.74,0.5188,0.6014,0.559,0.4583,0.4566
1.0,1.1,0.8,3.0,0.73,0.5187,0.5939,0.534,0.495,0.4521
1.0,1.3,0.8,3.0,0.74,0.5181,0.6023,0.5683,0.4444,0.4571
0.8,1.2,0.8,3.0,0.74,0.5181,0.6005,0.548,0.468,0.4558
1.0,1.2,0.8,3.0,0.73,0.517,0.5952,0.5481,0.4718,0.453
1.0,1.3,1.0,3.0,0.92,0.5161,0.6769,0.7078,0.1233,0.5563
0.4,2.0,1.0,3.0,0.91,0.5152,0.6802,0.6863,0.1429,0.5515
0.6,1.5,1.0,3.0,0.91,0.5148,0.68,0.6897,0.1381,0.5512
0.8,1.3,1.0,3.0,0.92,0.5129,0.6756,0.6926,0.1281,0.5555
0.4,1.5,1.0,3.0,0.91,0.5103,0.6784,0.6686,0.1444,0.5499
0.6,1.3,1.0,3.0,0.91,0.51,0.6788,0.6708,0.1405,0.5499
1.0,1.2,1.0,3.0,0.92,0.5099,0.6751,0.6844,0.1252,0.5549
0.0,1.3,1.0,3.0,0.7,0.5091,0.5864,0.5215,0.4664,0.4622
0.0,2.0,1.0,3.0,0.7,0.5091,0.5864,0.5215,0.4664,0.4622
0.0,1.1,1.0,3.0,0.7,0.5091,0.5864,0.5215,0.4664,0.4622
0.0,1.5,1.0,3.0,0.7,0.5091,0.5864,0.5215,0.4664,0.4622
0.0,1.2,1.0,3.0,0.7,0.5091,0.5864,0.5215,0.4664,0.4622
0.8,1.2,1.0,3.0,0.91,0.5082,0.6786,0.6674,0.1369,0.5497
0.4,1.3,1.0,3.0,0.69,0.5077,0.582,0.5316,0.4577,0.4595
0.4,1.1,1.0,3.0,0.69,0.5077,0.5811,0.5214,0.4695,0.4588
0.4,1.2,1.0,3.0,0.69,0.5073,0.5816,0.5267,0.4617,0.4591
0.6,1.1,1.0,3.0,0.69,0.507,0.5814,0.5243,0.4632,0.459
0.6,1.2,1.0,3.0,0.9,0.5066,0.681,0.6513,0.1498,0.5445
0.8,1.1,1.0,3.0,0.69,0.5061,0.5817,0.5272,0.4564,0.4591
1.0,1.1,1.0,3.0,0.68,0.5054,0.5762,0.5241,0.4656,0.4556
