shaft_hz_est,rpm_est,rms,kurtosis,crest,TOT_env_BPFI_h1,TOT_env_BPFI_h2,TOT_env_BPFI_h3,TOT_env_BPFO_h1,TOT_env_BPFO_h2,TOT_env_BPFO_h3,TOT_env_BSF_h1,TOT_env_BSF_h2,TOT_env_BSF_h3,TOT_env_FTF_h1,TOT_env_FTF_h2,TOT_env_FTF_h3,TOT_env_BPFI_sb_plus,TOT_env_BPFI_sb_minus,file,idx,time_min,RUL_min
12.5,750.0,0.1957537680864334,3.333055416823425,5.861209107566652,0.011401549899009163,0.012368019030823737,0.009016191082527976,0.010799868286871905,0.01065068348878277,0.012368019030823737,0.016492047879082143,0.07017659245734928,0.014019116103411793,0.012241637578348391,0.011392423424357033,0.010292365643908652,0.07017659245734928,0.015618472401232885,000001.tdms,0,0.0,1250.0
12.890625,773.4375,0.19850093126296997,3.3295381760517127,6.078665751031516,0.009850234355932228,0.01233994249678894,0.008626159659530374,0.011520907552553972,0.011267800547659447,0.01233994249678894,0.019079193489414042,0.0634791104647743,0.014797831186513078,0.012732752638373018,0.011239128952822667,0.010486171800278112,0.0642741144304378,0.013997453288944162,000002.tdms,1,10.0,1240.0
12.5,750.0,0.20162339508533478,3.30236649967546,5.687039940307672,0.010624537306646658,0.013440579796155639,0.008958400984976939,0.011652841931972328,0.011134979145083311,0.013440579796155639,0.023292110110310744,0.06510548616976014,0.016394585403340517,0.012938486692567388,0.012463457269402789,0.012107877057078179,0.06510548616976014,0.015057662717474841,000003.tdms,2,20.0,1230.0
16.796875,1007.8125,0.3685700595378876,3.2130745246160193,5.418499107191878,0.023099478498470185,0.04003253931587638,0.015990331488319298,0.04046974842510068,0.02513633631409432,0.03195171890727153,0.16942136570018648,0.10060489156589301,0.08005647231639805,0.07234259132196398,0.052153399522588115,0.03397074047109015,0.10060489156589301,0.062373457059606674,000004.tdms,3,30.0,1220.0
16.796875,1007.8125,0.42073580622673035,3.2112468705900548,5.638868101131705,0.021172428688978687,0.04916144474356891,0.017193369346903038,0.04126039032288441,0.030256559360848072,0.0437871768571625,0.19782360372301447,0.12189266931812726,0.10074661973245784,0.06988665879606554,0.05108567016825637,0.030011946511908607,0.12189266931812726,0.08212768541520869,000005.tdms,4,40.0,1210.0
16.796875,1007.8125,0.43921658396720886,3.2173536686355577,5.341362467034291,0.02234598181471893,0.0462574032287184,0.0193707647866461,0.04247486999381383,0.03050834070292556,0.04336578164071197,0.21067701828856442,0.1312241380610117,0.11092682803127775,0.07769437286700363,0.0511800374226575,0.035038275709867124,0.1312241380610117,0.09469963209562487,000006.tdms,5,50.0,1200.0
16.796875,1007.8125,0.448760449886322,3.258506526011553,5.210433697868401,0.022692366296482133,0.05414911139961396,0.01823547143526044,0.0402686828138216,0.03423624065074487,0.05177847366840427,0.21918881043141641,0.12383090228521426,0.11069316373151034,0.0777729441272557,0.06230055349221799,0.03293529300330258,0.12383090228521426,0.09720716942605809,000007.tdms,6,60.0,1190.0
16.796875,1007.8125,0.44936978816986084,3.2602407042667294,5.698569100540722,0.022655223733240432,0.05282342980865261,0.01853074978365207,0.04824698488882248,0.029113648688229198,0.04640031565579027,0.2261335898470785,0.12445954011614394,0.11072565933719733,0.07653662174099625,0.056423561778451925,0.03407222808509674,0.12445954011614394,0.09721330608125174,000008.tdms,7,70.0,1180.0
16.796875,1007.8125,0.44801613688468933,3.182849422106086,5.297864348040804,0.021998440255803362,0.053929227916205115,0.015642477327967787,0.04855744316631358,0.025857832448487862,0.040383982049071225,0.20264571318678332,0.12643041404840624,0.10319684750188782,0.0812498240865644,0.06400137106732684,0.03899218335650521,0.12643041404840624,0.09446494540644272,000009.tdms,8,80.0,1170.0
12.890625,773.4375,0.2718079686164856,3.154213581428445,6.091781444640026,0.019231164899230737,0.021114921734162597,0.013571775277239318,0.024600372173473956,0.018506730804439556,0.018947725618118555,0.03876009160898889,0.054415872735012166,0.026634443223501045,0.02918444885233957,0.02763048006745809,0.022151438895085876,0.05584805033445955,0.029382196120640545,000010.tdms,9,90.0,1160.0
12.5,750.0,0.26540422439575195,3.1780366775146205,5.568144496966365,0.016409522556611284,0.020806232948665022,0.012964589567645221,0.020411024076872935,0.017448534034229288,0.01951201697177052,0.046682358304257286,0.060204234630065016,0.025951739880153826,0.027720368685223335,0.022730292909592484,0.02193701786120909,0.060204234630065016,0.02543312372217844,000011.tdms,10,100.0,1150.0
12.890625,773.4375,0.2592740058898926,3.162020298694318,6.704458681311001,0.016044202005483447,0.019237217904714846,0.01129184296935488,0.02040649772506719,0.016561078547355397,0.015768449601442497,0.036720279996305026,0.054656494203610365,0.0313072374270773,0.025255200596497017,0.027055921554393996,0.019234159169258202,0.06281907373623187,0.023305344483216372,000012.tdms,11,110.0,1140.0
12.890625,773.4375,0.2542709410190582,3.1464044798333277,5.327594255780969,0.015221731087559212,0.018400016855668316,0.01100807745217372,0.02063710340546711,0.015876573735010707,0.017255348118399412,0.03720519646169447,0.05705590901614735,0.02736227864515007,0.026257470604079673,0.020026552540183745,0.020850346014903678,0.05705590901614735,0.02335065069444285,000013.tdms,12,120.0,1130.0
12.5,750.0,0.25419414043426514,3.199633999481268,5.4497576600299675,0.014363776458451022,0.019292577872345406,0.011286811201798762,0.020696371925451856,0.01695585113052537,0.019292577872345406,0.03770381949388601,0.06533493339556638,0.02931235035558823,0.02414473427752371,0.02508876059675865,0.021012144473282562,0.06533493339556638,0.02425807434665185,000014.tdms,13,130.0,1120.0
12.890625,773.4375,0.2482491284608841,3.2267657130904963,6.386775477638666,0.014703157897949007,0.017843857365046883,0.011693787158579983,0.019828371721142424,0.014868273647078344,0.016008920484036043,0.03548823563855776,0.058501054397544314,0.022083345481466683,0.02522549804018139,0.01976417014924923,0.02072339529977442,0.06012690007652579,0.0202162414273514,000015.tdms,14,140.0,1110.0
16.796875,1007.8125,0.4485926032066345,3.116304703563724,5.261817387012059,0.025833305092368163,0.05347125894662428,0.018987997920218845,0.041466931787861996,0.041087301525882844,0.05347125894662428,0.16680339061686533,0.11953223462692648,0.09470367787337129,0.07703842634252438,0.05779040797753166,0.033899976272614055,0.11953223462692648,0.09525279238103283,000016.tdms,15,150.0,1100.0
16.796875,1007.8125,0.4634722173213959,3.2163891033193823,5.115418035260415,0.02325524652331926,0.056488675139705506,0.018080407569824694,0.05624002703040724,0.030445848253014197,0.04567371189679464,0.22075746053861733,0.12274365948684171,0.10776182306448184,0.07712552675883227,0.0696513597161197,0.03690816335573595,0.12274365948684171,0.11169623180147535,000017.tdms,16,160.0,1090.0
16.796875,1007.8125,0.44941213726997375,3.238941360279012,5.192136829151694,0.023388401652878713,0.050308887524058,0.018346069217080468,0.042389047146041615,0.035995126970383255,0.050308887524058,0.19461639431483121,0.15799095993359563,0.1139989932796168,0.07269644899650032,0.06695438027543164,0.03648822605899162,0.15799095993359563,0.10999515152466537,000018.tdms,17,170.0,1080.0
16.796875,1007.8125,0.45720723271369934,3.2770603836713263,5.728050288211667,0.023920641298628854,0.06423797416903286,0.019273900488634064,0.06652972765852799,0.044130770514253764,0.06423797416903286,0.19714828953286026,0.14170266413116572,0.11131737505216263,0.08774385040464235,0.06922453600532842,0.03687066136266384,0.14170266413116572,0.11395467729773506,000019.tdms,18,180.0,1070.0
16.796875,1007.8125,0.45420780777931213,3.143455435322788,5.748093343573468,0.02476940728157525,0.05774956749134333,0.017574682194736492,0.04475870008948433,0.027641754674741933,0.045858147459754084,0.19848420004721976,0.1335580749096249,0.1170102085457967,0.07339686778354881,0.05898424779152554,0.03488032835354212,0.1335580749096249,0.09133559776054244,000020.tdms,19,190.0,1060.0
16.796875,1007.8125,0.46169421076774597,3.248539724227353,5.88530706427177,0.02359432321606108,0.05324992758569006,0.018163801530819722,0.0459915023431897,0.03281345017563545,0.04729841404020709,0.22741965652358806,0.12913074941432318,0.13105313266316518,0.07489157480606816,0.0697262612940531,0.03681147942950635,0.12913074941432318,0.10551613621557693,000021.tdms,20,200.0,1050.0
14.84375,890.625,0.3205633759498596,3.4034747836998207,6.287782756968413,0.032284942159746706,0.02815645019958803,0.01723055452726649,0.03148027484918,0.021643553094326057,0.02815645019958803,0.08657797976667542,0.047094898452417835,0.042948665529676286,0.05027250247025208,0.036712433475286396,0.02605760785675911,0.047094898452417835,0.03867303090779882,000022.tdms,21,210.0,1040.0
12.5,750.0,0.26877397298812866,3.1309750546438195,5.594746299796486,0.015651788292897283,0.018951060223094958,0.011673708676202935,0.021421985733751935,0.019778449496449524,0.018951060223094958,0.037383552452056386,0.06612151392122835,0.03395365114663829,0.027428170087977367,0.021981445864429124,0.018626127325359558,0.06612151392122835,0.028333457315173803,000023.tdms,22,220.0,1030.0
12.5,750.0,0.2622951865196228,3.137140385785912,5.514306172613947,0.015369107216339033,0.02015379296223915,0.012615010805628794,0.019669771650601256,0.015883460219389512,0.0176070238874421,0.03689910946821496,0.05841748858869083,0.026830701324243394,0.026706177360549435,0.02314653211090102,0.02028665543921674,0.061702803997432026,0.02703123023822609,000024.tdms,23,230.0,1020.0
12.890625,773.4375,0.2576850950717926,3.174064237843551,5.664244061483076,0.01533237481131022,0.018599922418934486,0.011109463127104272,0.019666475291722267,0.015598907236263162,0.018103750036544942,0.04872898317711364,0.060687380413209584,0.025781073430654486,0.027382137292538355,0.02175728280099874,0.020218265895347923,0.060687380413209584,0.024882097442066837,000025.tdms,24,240.0,1010.0
12.890625,773.4375,0.2532944679260254,3.14524859124789,5.730787730352393,0.014179929519136502,0.017389434419198012,0.011252336851251439,0.01913976535464685,0.01551757779826993,0.01698987289326326,0.04222808352882383,0.06447984000068685,0.02528981201306121,0.025853012508411852,0.023955077957359117,0.018848303926486832,0.06447984000068685,0.025040093283778632,000026.tdms,25,250.0,1000.0
12.890625,773.4375,0.2456112504005432,3.1993871719021896,5.607272404289299,0.015567764099113134,0.016789522756869447,0.011388496153505786,0.01895126676536714,0.015808238677430145,0.013861186967389943,0.032585849466709366,0.05873032206134638,0.024783479959653992,0.02304032322903204,0.02307887949385246,0.018406087913870908,0.061658696138967586,0.02212813772105959,000027.tdms,26,260.0,990.0
12.890625,773.4375,0.2554112374782562,3.2981798031416316,6.0068434976679015,0.014472220578983659,0.018959457328342096,0.011782415212227892,0.017397532493415413,0.015043656104553762,0.018959457328342096,0.04354243169473559,0.05913152874954187,0.030479523001334295,0.023147081276616625,0.024049896203594743,0.016282841940432537,0.05913152874954187,0.024902389435292844,000028.tdms,27,270.0,980.0
16.796875,1007.8125,0.4814399182796478,3.2291587269114976,5.667704915607428,0.025101159317149783,0.05852793263713573,0.020130031558167675,0.0505411835021357,0.03582316058360847,0.048425046794087254,0.22947220150753722,0.1394059944629991,0.11805662621828653,0.06740447201185995,0.0700226392676843,0.037761911016373495,0.1394059944629991,0.10848893061837889,000029.tdms,28,280.0,970.0
16.796875,1007.8125,0.46805715560913086,3.264939157480328,5.7768959857862825,0.02392030680841149,0.06199036612660705,0.017787866991116962,0.05998819711258252,0.02935816344630257,0.044258376373972085,0.2548443757839349,0.13945537979381295,0.12186563540772062,0.08559313458986428,0.06359174516626133,0.03663000200528834,0.13945537979381295,0.10134641797108956,000030.tdms,29,290.0,960.0
16.796875,1007.8125,0.47838670015335083,3.220741486308418,5.710676941444159,0.026117915125808067,0.05591674496461286,0.01924841582604525,0.048472402316701434,0.028974086046604976,0.05004500607438352,0.2058165916677365,0.14123915630210973,0.1446454544754709,0.08403441229468515,0.06519686253147151,0.03760290115523978,0.14123915630210973,0.10071542663538227,000031.tdms,30,300.0,950.0
16.796875,1007.8125,0.4709869921207428,3.230391006596948,5.4036653819254115,0.02307942903982558,0.05893369394105286,0.0197603946839738,0.0478006161266255,0.028297444697249787,0.04924811524240085,0.2034262018965689,0.15451354107591125,0.12854782733522085,0.07417448937311957,0.0653022498872409,0.03732328589890208,0.15451354107591125,0.09643700952511729,000032.tdms,31,310.0,940.0
16.796875,1007.8125,0.45775240659713745,3.293845471992425,5.706786794622941,0.02236866674869565,0.061998626919598766,0.019884824837221742,0.0541808997733374,0.027809807144222626,0.04620924321432357,0.22266973560987247,0.1396681451032259,0.10455000780215716,0.07948829391526116,0.06772218358515454,0.033319419907107926,0.1396681451032259,0.10564954210940836,000033.tdms,32,320.0,930.0
16.796875,1007.8125,0.46645432710647583,3.220260743373703,5.082479310435157,0.022740520820500848,0.06247585935945955,0.017532043725936405,0.046881989918975,0.028123320281288566,0.045772473410382576,0.19632070119543543,0.15655683373620383,0.12018387292863425,0.07276978613378901,0.07369088046075634,0.03696313319222534,0.15655683373620383,0.1009987433871168,000034.tdms,33,330.0,920.0
12.5,750.0,0.26072433590888977,3.1658408237006976,6.671517503029391,0.014986131843011091,0.019585530215844513,0.0106380707164328,0.02086193041016981,0.017038523845718124,0.01894152867500116,0.04449143615901636,0.06298433418429991,0.028207820598380198,0.026853540395607244,0.023402541795757428,0.019673751437350614,0.06298433418429991,0.02632759725660428,000035.tdms,34,340.0,910.0
12.890625,773.4375,0.26358529925346375,3.1623524288930027,5.482489084969057,0.015998338620793705,0.021001139232281817,0.012373224231042397,0.019888620222489575,0.017018713027081,0.019123204649296573,0.04170023329605337,0.05980969898451803,0.02839108047866441,0.026821102097279413,0.024034641466889866,0.02456036098616368,0.05980969898451803,0.026809754816965233,000036.tdms,35,350.0,900.0
12.890625,773.4375,0.2526969909667969,3.198526360770083,5.675686487628882,0.014656167222682748,0.01767587136978482,0.011315286479905807,0.01995215658851273,0.016845519076231063,0.01767587136978482,0.04230456537791121,0.06619958040718132,0.02769414311335164,0.025562784396920706,0.02452397157321735,0.017599145148484846,0.06619958040718132,0.021236639891918242,000037.tdms,36,360.0,890.0
12.890625,773.4375,0.24792338907718658,3.1813177718254613,5.517743781545905,0.015009112900428365,0.01658465254538951,0.011307018179055866,0.017010421299914015,0.014840730059717627,0.015151002321671188,0.039677720221090944,0.057541772608033954,0.022798560551826406,0.023141577616248316,0.02075973001866271,0.01918599720285587,0.05991044403267017,0.021822210953911913,000038.tdms,37,370.0,880.0
12.890625,773.4375,0.24368424713611603,3.2019506634011643,5.5790413390558635,0.014641503581125294,0.017831754901850863,0.011238877436757484,0.01727730127947071,0.015514990694504278,0.01611223838347203,0.038630706523689745,0.06095359376009279,0.024595807063600577,0.02447219511778148,0.01819081015609446,0.01807801030718788,0.06095359376009279,0.022735291363738058,000039.tdms,38,380.0,870.0
12.890625,773.4375,0.2405560165643692,3.194921787678176,6.003703423576176,0.015459665550136179,0.015875985297724826,0.01177337389797721,0.01703405798807419,0.014336034960638528,0.013872651715878894,0.03602681411100712,0.05767907361725249,0.023254615078571083,0.02232039367998133,0.020658659380418908,0.017861477827846826,0.058160774520195115,0.021021402360213992,000040.tdms,39,390.0,860.0
16.796875,1007.8125,0.4725349545478821,3.268438468223819,5.334179467472841,0.024174487410078396,0.05744887883933266,0.019078864335076058,0.04940188955824407,0.030689267416800343,0.04902113280854978,0.23116847260555007,0.15335110727423196,0.12337320473081914,0.07161688307867452,0.07009312380651642,0.035043283762424465,0.15335110727423196,0.1038401789201478,000041.tdms,40,400.0,850.0
16.796875,1007.8125,0.4838314950466156,3.2720566067108154,5.75065629521375,0.027749346366909868,0.059440101645999874,0.019731350075398876,0.045769230148930126,0.03469044445174273,0.058496158919479124,0.2234402356887353,0.16012652690731521,0.13029743027444912,0.0705877777807708,0.07948106281481779,0.039029986717978804,0.16012652690731521,0.11783623134127731,000042.tdms,41,410.0,840.0
16.796875,1007.8125,0.48437178134918213,3.2418243075766946,5.592923320383786,0.0243240389183247,0.06010436919712948,0.0214820978548777,0.049831693120729936,0.03214197937718995,0.05134790757206091,0.24230709206323142,0.1509253316354809,0.14231510417483384,0.08092944489550047,0.0673031788408302,0.03300349310461968,0.1509253316354809,0.10548246114126869,000043.tdms,42,420.0,830.0
16.796875,1007.8125,0.4774778485298157,3.2489389432836346,5.267780578320454,0.022801520931174837,0.062086675895610684,0.01968718174654452,0.05273894202252435,0.028502595276504856,0.04857190536976442,0.24519613236871618,0.1167993748420517,0.11947285679972056,0.08254170143216319,0.06611755895375854,0.03490619040175699,0.1167993748420517,0.105088688625775,000044.tdms,43,430.0,820.0
16.796875,1007.8125,0.47182074189186096,3.2397421912289364,5.336923940527589,0.023261479734422635,0.06334215236810713,0.019396456030784572,0.05073051687349085,0.025980865741309804,0.06334215236810713,0.2258970306043248,0.16628217127774816,0.1091816722072317,0.0734178011659116,0.0631739494301161,0.036530920106896334,0.16628217127774816,0.10692866218099212,000045.tdms,44,440.0,810.0
16.796875,1007.8125,0.4714537560939789,3.134283801110711,4.96174264412543,0.023440014252847488,0.059011415431542064,0.01882283329870531,0.059214878999356936,0.030170035744467822,0.059011415431542064,0.19004127476057303,0.1536019722227816,0.10931112711969915,0.078651489702,0.05418369219725808,0.03454299363699045,0.1536019722227816,0.10450264901428087,000046.tdms,45,450.0,800.0
12.890625,773.4375,0.26537299156188965,3.1847472728471113,5.792022856013404,0.016038636287552723,0.02003897939398958,0.011414708752692538,0.025708081748862275,0.01726282656549158,0.017176034143469212,0.050032331100411845,0.0566266001831719,0.030468193953555323,0.02815647853070723,0.02844726217586712,0.019435575118536132,0.0651902437008466,0.02846564224744184,000047.tdms,46,460.0,790.0
12.890625,773.4375,0.2551252543926239,3.20869797439205,5.559511542613395,0.014824776550756775,0.018052595395982078,0.01182785417158803,0.02120736698930837,0.01598253991992451,0.017267508110140162,0.03981499988805674,0.06344188573499278,0.02722651187325928,0.026474408611523635,0.024023680542404054,0.020883994819981412,0.06344188573499278,0.023368181836581056,000048.tdms,47,470.0,780.0
12.890625,773.4375,0.25242993235588074,3.2017583049360647,5.849491324998882,0.015920511251652454,0.019056995973728633,0.010869950927506028,0.02064377865133601,0.014580252134604529,0.01591628492730365,0.039336847692721506,0.059266382534808384,0.02451815926730444,0.025671812585459107,0.026969528690890563,0.018713852722639614,0.059266382534808384,0.02360103974838847,000049.tdms,48,480.0,770.0
12.890625,773.4375,0.24940280616283417,3.1950858506699307,5.856021629503107,0.01561952393694147,0.017180193870025093,0.01239163706970127,0.019236522641767548,0.015108235067748749,0.015211244937207848,0.036739985252426506,0.06013586786407194,0.027249479033587674,0.02393012905341452,0.018908582472413313,0.018736328634077665,0.06013586786407194,0.0219798377971647,000050.tdms,49,490.0,760.0
12.890625,773.4375,0.24976733326911926,3.20794534155634,6.385550020815433,0.014702383730596147,0.01780293125369697,0.011497917169596429,0.021148999659851887,0.015012830883810438,0.017036409258245806,0.04123244852974666,0.06426029226967798,0.0279140630032186,0.02610060432886651,0.023017626275350558,0.01889028361330599,0.06426029226967798,0.023874969732797735,000051.tdms,50,500.0,750.0
12.890625,773.4375,0.24603675305843353,3.2086774699370535,5.637727059621844,0.014489817391892933,0.01586789758849256,0.011971778138284194,0.017342197581128926,0.015747866790018827,0.013942572531368191,0.03747580937115365,0.05862787115458082,0.024114036512366366,0.023496784374793717,0.019836951603397112,0.0175657739452499,0.059985625026744684,0.02033520701248373,000052.tdms,51,510.0,740.0
16.796875,1007.8125,0.4798682630062103,3.273960768211023,5.55024731228807,0.025848832470443884,0.06425380523360413,0.020669721403872507,0.051557665187346016,0.03189284061776061,0.05294241240967936,0.23158409127036642,0.14739778561536576,0.12499649118643631,0.08234698021949449,0.06159447221464276,0.033018422963410114,0.14739778561536576,0.1107085110624057,000053.tdms,52,520.0,730.0
16.796875,1007.8125,0.49009501934051514,3.322142317472584,5.363356088163718,0.02363881365130141,0.058731044597596496,0.018811541366826577,0.05569027855754113,0.02943234181749809,0.058731044597596496,0.27187420261907086,0.14238669148697872,0.10811217666028632,0.07441624586323867,0.07794295934571915,0.036613239741441594,0.14238669148697872,0.10008873375416356,000054.tdms,53,530.0,720.0
16.796875,1007.8125,0.4880512058734894,3.2088792622658873,5.743574624788131,0.02454102427872789,0.06399560970242364,0.018328075881192504,0.054216268492743594,0.03129347466669233,0.05927720206580892,0.2010689987448403,0.1681634726641555,0.12095990462644528,0.08299396070865661,0.06605990838888944,0.03359452363382389,0.1681634726641555,0.09020005961996574,000055.tdms,54,540.0,710.0
16.796875,1007.8125,0.4991198480129242,3.2686789755051167,5.967516820087889,0.025827019841629658,0.07058024199255956,0.02066742565553279,0.05293774153437378,0.03451020812048096,0.05903405767801863,0.25025806060580286,0.1515565914723061,0.13127986671374578,0.08088157976997278,0.06446249670881327,0.035281275364935555,0.1515565914723061,0.1179630559605911,000056.tdms,55,550.0,700.0
16.796875,1007.8125,0.5104260444641113,3.266386722369936,5.4430174105812466,0.025038536393984224,0.06638467748603272,0.019002652196571216,0.06024785073017279,0.02919888135549032,0.04739269620761152,0.25901646702011444,0.15534297686852896,0.12127505360729315,0.08937572131789523,0.06705114106190757,0.04120647862632639,0.15534297686852896,0.12483574472892947,000057.tdms,56,560.0,690.0
16.796875,1007.8125,0.5112146735191345,3.174020179316624,5.693553007610451,0.027000013835654483,0.06436882998907575,0.018790290143883843,0.05667632055176891,0.03019335056857493,0.06436882998907575,0.2305324432889326,0.16563356806524646,0.11329904538477716,0.08057352668767558,0.07471407849525052,0.03894969184466395,0.16563356806524646,0.11461464753756792,000058.tdms,57,570.0,680.0
12.890625,773.4375,0.2724617123603821,3.160942852754117,5.538530028227039,0.020225139901585695,0.018081447381519355,0.012960495009189178,0.023405808498030495,0.020548339644462107,0.01776810086224979,0.04519050185445995,0.06265518307502999,0.029623539491350447,0.031384941011399436,0.0324853670543172,0.020826424782634273,0.06265518307502999,0.029347937201303836,000059.tdms,58,580.0,670.0
12.890625,773.4375,0.2691308856010437,3.160949493938279,5.430978057333044,0.015252746950239952,0.020156464587711274,0.01121167634192085,0.020439476868926602,0.01696769581372436,0.019344170052099,0.053291972114135375,0.06166801834653949,0.0329477938213809,0.03143602371347037,0.02382604551168258,0.019963643728492575,0.06166801834653949,0.031532749014762725,000060.tdms,59,590.0,660.0
12.890625,773.4375,0.26520708203315735,3.152337070128771,5.24829380079927,0.01569593586639495,0.021210796120211338,0.012035209145052293,0.02231989715443573,0.01763182613917124,0.019722740554997273,0.04104885178255017,0.05728706039405063,0.0274655032014542,0.026924595976404425,0.023013217088836146,0.021095242517988198,0.05728706039405063,0.028943027813259744,000061.tdms,60,600.0,650.0
12.890625,773.4375,0.2591678500175476,3.188388774983178,6.010520880887465,0.014120953546476935,0.018064114416567995,0.012099642499862846,0.020868482775930272,0.017738766551356665,0.018064114416567995,0.040171398783586214,0.060157624394656994,0.02999956947090895,0.028819076365238012,0.021829734050740363,0.022336452015967276,0.060157624394656994,0.026416919871191866,000062.tdms,61,610.0,640.0
12.890625,773.4375,0.25237059593200684,3.2057462483243815,6.033881772552028,0.014869747187882908,0.0173981943035537,0.011659383291202849,0.018775553489583888,0.01638381729016079,0.016635456068613556,0.04017445314679571,0.05912294188237086,0.025463164530040563,0.030381278081990207,0.020604986614618466,0.02048729940718442,0.05912294188237086,0.024709081892953094,000063.tdms,62,620.0,630.0
12.890625,773.4375,0.2454856038093567,3.2129040968245093,6.089261186845418,0.014309182643303687,0.018578545418682754,0.011099012946217473,0.017150799164161082,0.015137900579644722,0.01711389416045253,0.03494153852503004,0.06108955757142582,0.026305133475609935,0.026275038672798665,0.024973006208777574,0.0190949563998861,0.06108955757142582,0.022989471376098785,000064.tdms,63,630.0,620.0
16.796875,1007.8125,0.5081157088279724,3.2270643409244086,6.071844544255579,0.02844820905388445,0.06390513655186482,0.023028703472841427,0.05191443822038461,0.03792148287813568,0.05392970791283845,0.24647999464849218,0.15779054906080703,0.12545929578595053,0.08664066700809198,0.07935764873489318,0.04061303060022259,0.15779054906080703,0.10950620070687438,000065.tdms,64,640.0,610.0
16.796875,1007.8125,0.5206146240234375,3.2469253956946953,5.335082267211818,0.04208953475216543,0.06728843337385064,0.021666363594272164,0.053931210001749594,0.04346678047703532,0.06595479134800726,0.23008633288255986,0.17939303475965934,0.14750679124554666,0.08663099593329286,0.08355886700155099,0.046678450524290135,0.17939303475965934,0.13668849761982016,000066.tdms,65,650.0,600.0
16.796875,1007.8125,0.529811441898346,3.156772322705355,5.388074220917853,0.03947197413526851,0.06960427393502129,0.023424635397352404,0.05276034283162543,0.036993698782906044,0.059115051571453414,0.2487909288688761,0.15287597782345183,0.13816941334671012,0.08723407352234232,0.08077931525543272,0.046677519473675606,0.15287597782345183,0.11123896430616599,000067.tdms,66,660.0,590.0
16.796875,1007.8125,0.5509088635444641,3.2144736422289393,5.201043805625553,0.07300758321886602,0.07677759985896611,0.024516236828601313,0.05875093752728978,0.0394823623189124,0.06290626008693208,0.26305134420737036,0.16906223850232466,0.13480408920823567,0.07875984474511805,0.07623198512396827,0.054556780264483275,0.16906223850232466,0.11497502482114452,000068.tdms,67,670.0,580.0
16.796875,1007.8125,0.583267867565155,3.320697558352074,5.535471622569097,0.1669850481059369,0.10747721565795185,0.031108393790147047,0.0589846567512248,0.042310595302161816,0.10747721565795185,0.2751084236770751,0.19199676551103742,0.10213785518483545,0.08695157676886586,0.09033544585812493,0.07432810010617785,0.19199676551103742,0.11583279726293773,000069.tdms,68,680.0,570.0
16.796875,1007.8125,0.6078163385391235,3.1765311158585883,5.334870447226791,0.1142759813532666,0.07745555256344847,0.04479891434828342,0.06990674689766892,0.04096662251323043,0.07745555256344847,0.22270137156816094,0.1898486946851927,0.1238507409279846,0.09725539216703763,0.07177363613753106,0.07179335487771488,0.1898486946851927,0.12725555609117184,000070.tdms,69,690.0,560.0
12.890625,773.4375,0.3023376166820526,3.1477442125671593,6.4800612966271185,0.025648761348332178,0.022689894336259463,0.014472154991649576,0.03263809476795919,0.025523848908315765,0.019905727051462305,0.0610226541446368,0.05470077195283461,0.033857389760983236,0.037499414542724006,0.036621316463820365,0.028372204168429244,0.05650569168054011,0.03238407071877432,000071.tdms,70,700.0,550.0
12.890625,773.4375,0.28628799319267273,3.1354426141455485,6.41447618738296,0.020999942270349087,0.022456708532977928,0.013421518703670095,0.023378714540916237,0.019442300304096362,0.020579183401359315,0.05164133667719239,0.05587158836316496,0.03210740472610663,0.035058853214883334,0.03404696498018863,0.023612333173193875,0.05587158836316496,0.028994775828063472,000072.tdms,71,710.0,540.0
12.890625,773.4375,0.2741900682449341,3.153840149346519,5.459194121230065,0.018459148659996042,0.021320546353762317,0.012119918676757893,0.0241727152930363,0.018483139550603815,0.019010522309349187,0.04548501174263496,0.05994905315331909,0.029105097536033315,0.03247369810016078,0.0267809974277197,0.02459442027667871,0.05994905315331909,0.0310822541577498,000073.tdms,72,720.0,530.0
12.890625,773.4375,0.2745901346206665,3.162921970768271,5.805087545567933,0.018240035316235092,0.019833028072818247,0.011360713092050296,0.02219833653881417,0.01577295359387607,0.019833028072818247,0.04640114806592541,0.05931544839566385,0.033485419429902054,0.02748295230887465,0.0310034057867389,0.02043689580012126,0.05931544839566385,0.030348387098811193,000074.tdms,73,730.0,520.0
12.890625,773.4375,0.2678825557231903,3.200584593044757,5.722708211814303,0.01803341338878982,0.01760130043975937,0.012719112778169745,0.023832222370967326,0.01693765992623652,0.01760130043975937,0.03649060648620038,0.06425186659976279,0.029259740236452645,0.03368074003127118,0.023342803990618336,0.0216447928657239,0.06425186659976279,0.030196548237711576,000075.tdms,74,740.0,510.0
12.890625,773.4375,0.26894471049308777,3.208464631132707,6.501716977751261,0.018533407987878326,0.01781152749944656,0.013625802373800665,0.021372535605487353,0.015621422917192491,0.016399399885620745,0.04454378622492461,0.054336678910485776,0.03200297809687202,0.03210095837253949,0.024346039557750165,0.021248121699754003,0.054931688314928534,0.02852777469555609,000076.tdms,75,750.0,500.0
16.796875,1007.8125,0.5261713266372681,3.5639222015703726,6.429962991450765,0.09844250537141166,0.06170146811156214,0.03924215702541341,0.0533701479474473,0.05121620123146525,0.06170146811156214,0.1427276840740294,0.12437658811710224,0.07296714618991032,0.08757984012718102,0.07897241249481632,0.0501560687814901,0.12437658811710224,0.08174035023658967,000077.tdms,76,760.0,490.0
16.796875,1007.8125,0.6148022413253784,3.2632864932647134,5.107242015498315,0.14125037477623553,0.08479412492827616,0.0434996524443926,0.0681194242691042,0.050356250723486706,0.07901990869232331,0.25670039021423535,0.17863293692046886,0.140444713972139,0.10298641656248896,0.08812058192334997,0.07683069989358547,0.17863293692046886,0.11729252936309119,000078.tdms,77,770.0,480.0
16.796875,1007.8125,0.6721700429916382,3.4282022397299174,5.857302852087878,0.2560356194113097,0.16049566160629294,0.06445744823811117,0.07231179362565528,0.05196600122578179,0.16049566160629294,0.21316265507404902,0.1990025702731535,0.10594611257208507,0.0960591201339435,0.0779460697488813,0.10225837032824223,0.1990025702731535,0.14621507543782356,000079.tdms,78,780.0,470.0
16.796875,1007.8125,0.652525782585144,3.1556713950798563,4.9973015006258015,0.067837723060888,0.11128970061876967,0.04572537133898364,0.06688184343813587,0.05026073542506755,0.11029688136313748,0.22548127612591304,0.1924839401804766,0.1414411704080006,0.10775216801889025,0.0856991624728399,0.07545933038943982,0.1924839401804766,0.14225183488229426,000080.tdms,79,790.0,460.0
16.796875,1007.8125,0.6812229156494141,3.230502080403186,5.15049509039442,0.10427159121898617,0.1524157933793407,0.05054879288560403,0.07665748523746936,0.051049204198182964,0.142000681543171,0.2125441356357543,0.19092567683743594,0.13476932981995407,0.10074520754571825,0.08201284099192914,0.08750689779058544,0.19092567683743594,0.1229085912181743,000081.tdms,80,800.0,450.0
16.796875,1007.8125,0.8307949900627136,3.1080633131623006,4.786820492728483,0.13548149775027216,0.2397595314178724,0.11234648995736035,0.08713563364261175,0.07175883810466992,0.22881509489241353,0.19418072317858232,0.15357799781453102,0.10798049296116784,0.10462107179657704,0.10568939142200126,0.13769839322154373,0.15357799781453102,0.11163913797433372,000082.tdms,81,810.0,440.0
16.796875,1007.8125,0.8044031262397766,3.3811739678174626,5.884806246755898,0.3368681205367815,0.25730405229573283,0.12197194793944428,0.08678623403591272,0.08699287443418861,0.25730405229573283,0.19613630110583197,0.18607967529501968,0.12406445944504241,0.10865803365497398,0.08931661729888961,0.10445607422156851,0.18607967529501968,0.13219373232054035,000083.tdms,82,820.0,430.0
12.890625,773.4375,0.3133949935436249,3.1771135834705317,6.37205741346514,0.037682786543317276,0.023298082949067506,0.015310413332949246,0.02966853172497237,0.024265322391399426,0.022863019472386444,0.055704880413410755,0.05658123308155098,0.034988931560155014,0.042347776704338175,0.03506327083302209,0.037953573836664596,0.05658123308155098,0.03990686472314293,000084.tdms,83,830.0,420.0
12.5,750.0,0.3028070628643036,3.1943251900137137,5.598059705414655,0.03288403052629821,0.022603206789902328,0.01586671235273255,0.026782876998834873,0.02159296371767227,0.022603206789902328,0.05557271257019534,0.06251383098036808,0.03519307806693841,0.039384385541732306,0.03529051042462856,0.03329820194283823,0.06251383098036808,0.03531223870789524,000085.tdms,84,840.0,410.0
12.890625,773.4375,0.3059852719306946,3.1542054667566597,6.43554431107642,0.027185252289772834,0.023392155358127553,0.014987289374865374,0.026524044432369994,0.019995503929738895,0.020865719678381446,0.04747966364035766,0.056435598078082405,0.03228152380731581,0.03661125615228801,0.02966405435741471,0.0286814753834185,0.05750478513702322,0.031321154132609455,000086.tdms,85,850.0,400.0
12.890625,773.4375,0.3056749403476715,3.149289129036145,5.206107705277764,0.03117900052831294,0.020318064235177662,0.01656415903675314,0.031907544957638624,0.02094327253064607,0.020318064235177662,0.05104035239958099,0.05827594706120572,0.03148855284587074,0.03547743775728335,0.0287182279200216,0.0282751754989767,0.05827594706120572,0.03276008139303298,000087.tdms,86,860.0,390.0
12.890625,773.4375,0.3048619031906128,3.2173108061916196,10.705682837074225,0.030561249801399293,0.019590262784656573,0.014969963625298854,0.02342822027849927,0.020866049874203402,0.019590262784656573,0.05569733709720122,0.055017253812229217,0.03383894754975705,0.03435252272245118,0.027597991313248568,0.029028601365733896,0.055017253812229217,0.031244492482382757,000088.tdms,87,870.0,380.0
12.890625,773.4375,0.2980981767177582,3.1755570400001583,6.118655958026556,0.028674747159576082,0.02252847106660493,0.015290876312530054,0.026922120501685878,0.01904817246015901,0.02252847106660493,0.046175580199884915,0.05780316181942628,0.03540119137324886,0.03677905871770595,0.02912633604402106,0.025410820069099425,0.05780316181942628,0.027883345144439957,000089.tdms,88,880.0,370.0
16.796875,1007.8125,0.7469193339347839,3.2652601064704685,5.403475334059466,0.26715446219313094,0.14861656453056246,0.09433945439620256,0.08351059356198834,0.06672317139582708,0.14041224670639296,0.19105539883414613,0.18189837445087173,0.11743999196863313,0.1082867246139669,0.09265006384349313,0.09113746631904623,0.18189837445087173,0.13017959143494165,000090.tdms,89,890.0,360.0
16.796875,1007.8125,19.789430618286133,76.77275090029084,17.481394237752305,3.244089759653073,1.4276403182141149,0.7436618422962782,3.443740886998712,2.437968304989953,1.5063566737496181,2.0902070091488247,2.3287160369291504,1.9216214830042324,5.579710735064958,4.422219108827311,5.829227154953685,2.422153654579973,2.3404785202573843,000091.tdms,90,900.0,350.0
16.796875,1007.8125,0.8225033283233643,3.2164612765749276,5.132454970956531,0.21654411934278517,0.14672345046820665,0.1267000921667357,0.08767197935519538,0.07920424750523704,0.14672345046820665,0.2330954469872742,0.17828484638308278,0.14128828610311914,0.12532570254782135,0.09709985289882757,0.11091270419914032,0.17828484638308278,0.1789915809964115,000092.tdms,91,910.0,340.0
16.796875,1007.8125,0.8537635207176208,3.1689503288312464,5.358345547874077,0.33077501440233864,0.12328239776484722,0.07620816921708375,0.08978802553683352,0.07292235122223088,0.11026959311310924,0.23491337750528407,0.16208756282200493,0.13393398524068711,0.13674956257710902,0.1223982163023788,0.12209762489310243,0.16208756282200493,0.1295983786293792,000093.tdms,92,920.0,330.0
16.796875,1007.8125,0.8643816709518433,3.155454060738461,5.544630992948657,0.26043858309118667,0.11919618257859377,0.06360661051145354,0.09213367298036784,0.08123399200473874,0.11919618257859377,0.26017531601796606,0.2104333697841497,0.13108010708197235,0.1287163215200249,0.10663141118297732,0.13449768182361213,0.2104333697841497,0.1389700135059872,000094.tdms,93,930.0,320.0
16.796875,1007.8125,0.9120668768882751,3.2122235878821974,5.024277505150817,0.31931467014049053,0.11526740361310173,0.06318571864621735,0.10202349455779572,0.08334298103563126,0.10348318635821589,0.2531493178156715,0.22255730024545517,0.1435610247852807,0.12853169172255502,0.11485748198535622,0.12707681532121257,0.22255730024545517,0.12553616072195184,000095.tdms,94,940.0,310.0
12.890625,773.4375,0.33689531683921814,3.159499474942424,5.488076738021914,0.046552784825193795,0.0264723670100227,0.016055514067227994,0.03079360415505045,0.02595683147690577,0.0264723670100227,0.05318443159648781,0.06058566638179464,0.0387096603279155,0.04257945979318782,0.04125432095138875,0.03666095520447867,0.06058566638179464,0.03892290291152887,000096.tdms,95,950.0,300.0
12.890625,773.4375,0.34035298228263855,3.114289768468439,5.491383233317435,0.04784650507475381,0.029033512623649744,0.016766535993519256,0.02910120451564537,0.025499918337439906,0.029033512623649744,0.053630763097276865,0.054024207508289505,0.03479650801433829,0.04262492532805096,0.035922138668344324,0.03670861288610327,0.054024207508289505,0.03750385918035319,000097.tdms,96,960.0,290.0
12.890625,773.4375,0.33190494775772095,3.1577843762230446,5.8514596814440525,0.043262272397609006,0.027204463005380087,0.01774036018056167,0.03232781401412875,0.024317842157634786,0.023357847009472153,0.054224746334205064,0.05608385305770448,0.033588744093601505,0.038018218144810906,0.03341729159046502,0.03632946172904147,0.057567065095644875,0.03489505026308015,000098.tdms,97,970.0,280.0
12.890625,773.4375,0.33267223834991455,3.0948390799555265,5.4967876740136825,0.04067785573433919,0.025004652181262292,0.01698559115860609,0.02896059117887699,0.023915230429419836,0.023757653835459202,0.04537121412153432,0.0572900259485349,0.03343268077906423,0.036065765947640965,0.034017825513029565,0.031734067872817885,0.0572900259485349,0.035722268703208916,000099.tdms,98,980.0,270.0
12.890625,773.4375,0.33205699920654297,3.157705604432618,5.48530136105024,0.03818779472885478,0.025717551331555007,0.017793739719828356,0.02733199779340485,0.022880209785834403,0.024274332836558207,0.045640991759772126,0.061001438142335516,0.03392607378764895,0.03590280225874871,0.03163374905548146,0.03259445038491447,0.061001438142335516,0.03211431071354448,000100.tdms,99,990.0,260.0
12.890625,773.4375,0.32768768072128296,3.18942571702097,6.1301758357651135,0.03600753913896899,0.02464554133748164,0.01711887988931839,0.02607392904213838,0.0212489874121138,0.02340865618127295,0.05251300199901332,0.06011432066951282,0.03210422960916814,0.03611035128780146,0.03429464669404869,0.029089602099307343,0.06011432066951282,0.033013668396329805,000101.tdms,100,1000.0,250.0
16.796875,1007.8125,0.9459773898124695,3.223023187047039,5.605354263254805,0.48189846401332576,0.15642570433451147,0.06994220845080851,0.09801397923996738,0.09051544079894323,0.15642570433451147,0.2362954549923636,0.1982620236687675,0.14926179068571863,0.12110754363571856,0.12262838661138695,0.12615559010708094,0.1982620236687675,0.14905467402549655,000102.tdms,101,1010.0,240.0
16.796875,1007.8125,0.8645840883255005,3.224345694763207,5.284979559904736,0.25621999627003417,0.15411175252919232,0.06921705176219513,0.0978660831199126,0.09057303930391515,0.15411175252919232,0.22239244074937126,0.19563504490712452,0.1497057625716837,0.14373396282316803,0.1146980017252383,0.1273182285343443,0.19563504490712452,0.1663570751117435,000103.tdms,102,1020.0,230.0
16.796875,1007.8125,0.9483997821807861,3.307179846844325,5.6970740925373,0.4947333296014138,0.20345821696307545,0.05871004352188755,0.09824206186270681,0.0861722582942635,0.20345821696307545,0.2891575230065015,0.19259579780830727,0.15650000076849918,0.13561568222409554,0.10342573926451198,0.13364812397358122,0.19259579780830727,0.17283862954043963,000104.tdms,103,1030.0,220.0
16.796875,1007.8125,1.035263180732727,3.3110704031886242,5.4957531403662445,0.6029887008119567,0.17799310945230393,0.04979450044858951,0.11139047597861743,0.10991180697879681,0.1593102315370962,0.3192312657071009,0.20707898698844598,0.16028433940925355,0.17290799893432013,0.12678501127014008,0.14362087374368476,0.20707898698844598,0.1732543593618536,000105.tdms,104,1040.0,210.0
16.796875,1007.8125,1.0805821418762207,3.340718281191954,5.582584521290562,0.4946640865361607,0.23991784713420344,0.13188515503172066,0.1226260145572933,0.10219628107396708,0.19679965313515418,0.2525229076100144,0.22492376433615247,0.17445995850829826,0.16168291044120678,0.1512667823852601,0.15749029064856118,0.22492376433615247,0.19337030972432986,000106.tdms,105,1050.0,200.0
16.796875,1007.8125,1.1592748165130615,3.497296192979755,5.8711598566208,0.5197901789431482,0.2333167081635925,0.13135864946854345,0.13622782389516272,0.13085438995323176,0.2333167081635925,0.3127151484620146,0.41159431608552816,0.1740400753799082,0.16072739058511853,0.14081125744849385,0.14769466379171212,0.41159431608552816,0.2759041365366332,000107.tdms,106,1060.0,190.0
12.890625,773.4375,0.44647493958473206,3.192484398306074,6.176143947756433,0.08755778968341316,0.04279327334509373,0.028908474581393964,0.047330486202821744,0.04224477854009771,0.04279327334509373,0.07848377771736648,0.06907144226353905,0.03959680742364185,0.06116149333912692,0.052303569208909426,0.05659716947102381,0.06907144226353905,0.04948229616154419,000108.tdms,107,1070.0,180.0
12.890625,773.4375,0.46793249249458313,3.148857380457394,5.591801242821492,0.07630720673640094,0.04813299928149949,0.028684122480039473,0.04879356763284164,0.037090756862816425,0.04813299928149949,0.08357799864896907,0.07552512851453168,0.04713038645565646,0.06763629533933814,0.052530652217124024,0.05219110003432166,0.07552512851453168,0.04956391535557898,000109.tdms,108,1080.0,170.0
11.328125,679.6875,1.6660112142562866,1524.935455182089,76.93466294444248,0.40636462121933375,0.28236812441457415,0.22394907155279964,0.4720583445279832,0.3566064624974839,0.2743215750882882,0.522080183033462,0.3840558479695466,0.3137082992859245,0.9370358230654396,0.8691737599288355,0.7970360476671225,0.3831231815668568,0.4174273613074522,000110.tdms,109,1090.0,160.0
12.5,750.0,0.4865996539592743,3.3337875340487355,6.779027014115691,0.1124812500317982,0.06236390233560898,0.039397872184677094,0.05481987369336252,0.04804527587331224,0.06236390233560898,0.06421435107800766,0.0900200656422578,0.0452302222478679,0.06165498105869696,0.05610278712534677,0.05699646667120613,0.0900200656422578,0.05455862663321081,000111.tdms,110,1100.0,150.0
12.890625,773.4375,0.46854427456855774,3.2726958348845545,6.817378512310694,0.09996331339382229,0.048219989582042676,0.034119198563349,0.04507006070622218,0.04246621320460833,0.048219989582042676,0.06702466039390492,0.09098779307807456,0.04250474075856223,0.06207808440822516,0.050921668490897465,0.0521499804207368,0.09098779307807456,0.051051460418645056,000112.tdms,111,1110.0,140.0
12.890625,773.4375,0.4369301199913025,3.241060949660744,5.756007765394611,0.06936543430505736,0.04180297419463282,0.026332650901693924,0.044516188226414094,0.0397542150880097,0.04180297419463282,0.05658880891908717,0.06848020507535027,0.03548284318788996,0.05988538089537895,0.05334629480275855,0.05225188735146728,0.06848020507535027,0.049313208503959406,000113.tdms,112,1120.0,130.0
16.796875,1007.8125,1.3266874551773071,3.370394171747195,5.554537979439595,0.6055012016667614,0.2798534497189777,0.16788523504970648,0.15298381309387055,0.1369022985221278,0.2798195836823113,0.3828922403484285,0.4295409746052628,0.19019637417301746,0.21109777345403846,0.14207644716844178,0.18318329060362362,0.4295409746052628,0.2212959663073032,000114.tdms,113,1130.0,120.0
16.796875,1007.8125,1.478701114654541,3.2308154888503693,5.927144290292903,0.30477704959923235,0.2553251712893378,0.16575852146773357,0.17495425647201074,0.16244087102346497,0.2553251712893378,0.28744488000127194,0.347026742282555,0.22468478145625437,0.2600135434804986,0.20682860292496527,0.18958567213096766,0.347026742282555,0.27587181299897084,000115.tdms,114,1140.0,110.0
16.796875,1007.8125,1.4513342380523682,3.1596269638201053,5.466299631513747,0.21944536102880527,0.19433287168678878,0.15669812953806372,0.1569898903038011,0.13582823906772357,0.19433287168678878,0.3612728782351022,0.3516682841612104,0.3176246086949002,0.2562761792176515,0.19391773370653426,0.18974851173817017,0.3516682841612104,0.22588409206359983,000116.tdms,115,1150.0,100.0
16.796875,1007.8125,1.6069525480270386,3.1175530235118023,5.732136457495292,0.2538717486968655,0.21763173422434479,0.12101580271489865,0.1940534701409814,0.17100147838169502,0.21763173422434479,0.41359833065926965,0.37115262016507516,0.33571825837963765,0.2890483097319575,0.21610723540362214,0.2466158437108154,0.37115262016507516,0.25226013409739273,000117.tdms,116,1160.0,90.0
16.796875,1007.8125,1.8433091640472412,3.208166023220869,5.453163133864906,0.41198568269431685,0.2991400701168952,0.17347354161855658,0.20890016309476583,0.19964910579576442,0.2991400701168952,0.4838430302435674,0.4172208100353789,0.3358857565485781,0.3048016108785734,0.2757723768358739,0.2777357934902808,0.4172208100353789,0.2880097662776641,000118.tdms,117,1170.0,80.0
16.796875,1007.8125,1.9550102949142456,3.186133009934,5.352152082203366,0.21210073001427365,0.33523433841808625,0.16225159767582775,0.22107128353443659,0.23856460963342754,0.33523433841808625,0.5578861133327778,0.38890213499638254,0.31989364183180796,0.29084436940760466,0.2667162702865488,0.2707363681047358,0.38890213499638254,0.27007843084288846,000119.tdms,118,1180.0,70.0
12.890625,773.4375,0.918644905090332,3.2150164847303744,6.157817286759981,0.1348841877244954,0.07921690925728817,0.05126409099194741,0.13704094193902294,0.10075930995209445,0.07921690925728817,0.17922509881814852,0.12235699686615654,0.09244976522321653,0.1484786683037768,0.16871333623588639,0.1471757525081044,0.12235699686615654,0.1281780305090436,000120.tdms,119,1190.0,60.0
14.84375,890.625,0.9508038759231567,3.1620833322381343,5.994064886048896,0.11479144979812236,0.06787240866522314,0.043462999903048714,0.1361757913890704,0.09654527529302938,0.069406968111841,0.12663907099746638,0.10714660058114167,0.09109494319504814,0.17140452904703704,0.16956333548643204,0.15988198580324436,0.10714660058114167,0.12626410051412057,000121.tdms,120,1200.0,50.0
12.890625,773.4375,0.9406929016113281,3.1441054901556806,5.490788614622238,0.15141481244419822,0.0829413159698896,0.05821639199441777,0.11883113836433642,0.09856851952472545,0.0829413159698896,0.17617031624981935,0.13070091395720618,0.10411254690866627,0.15145606272132808,0.15311308915490202,0.14417727444882156,0.13070091395720618,0.12422069198607384,000122.tdms,121,1210.0,40.0
12.890625,773.4375,0.9107387065887451,3.2101886329453877,6.731083806838634,0.15126754799867265,0.07680624728248601,0.053964199704320384,0.12890489758209916,0.09395958102102739,0.07680624728248601,0.15420789794236933,0.13645006336533394,0.09604625172504352,0.15422666952704367,0.15494010348976858,0.14393685061724504,0.13645006336533394,0.12169125162302508,000123.tdms,122,1220.0,30.0
12.890625,773.4375,0.8633270859718323,3.188150762451538,6.028577435106124,0.14218232334384834,0.07269174789345983,0.05372226937984131,0.10672959922020665,0.09287389103430388,0.07056816489880073,0.14405520854447146,0.12305329795149933,0.08594231034151943,0.13756989120431856,0.14364280395952192,0.12752414425969943,0.12305329795149933,0.11464584571288398,000124.tdms,123,1230.0,20.0
12.890625,773.4375,0.8433747887611389,3.1535803459638956,7.478352032841346,0.12950692674472072,0.07802356544754996,0.05495445400742389,0.1055309689177685,0.0883604678922731,0.07802356544754996,0.14233953020145282,0.11793053376188767,0.07896260026512805,0.12319337422418754,0.12831227479156754,0.12435537781275752,0.11793053376188767,0.1025573041371839,000125.tdms,124,1240.0,10.0
16.796875,1007.8125,2.065810441970825,3.1614341160477006,5.406369822532669,0.28322016537975775,0.34437379757846076,0.1658241755282281,0.22629131759500573,0.2630052197804965,0.34437379757846076,0.5360001434860175,0.4864604561258944,0.3724245246830611,0.34876613568921877,0.2865965225634061,0.27234544502440833,0.4864604561258944,0.2934475082056252,000126.tdms,125,1250.0,0.0
