w_th,alpha,cap,cf,overall,B1,B2,B3,B4
0.4,0.8,1.1,0.99,0.5737,0.6423,0.5911,0.6555,0.4059
0.4,1.0,1.1,0.99,0.5735,0.6442,0.5971,0.6435,0.409
0.4,0.6,1.1,1.0,0.5735,0.64,0.5893,0.6604,0.4043
0.35,0.4,1.2,0.99,0.5732,0.6451,0.5825,0.6559,0.4093
0.1,1.0,1.2,0.94,0.5732,0.6592,0.5659,0.6278,0.4401
0.35,0.8,1.1,0.99,0.5731,0.6434,0.5837,0.6559,0.4093
0.3,0.8,1.1,0.98,0.5731,0.6454,0.5733,0.6629,0.411
0.3,0.4,1.2,0.98,0.5731,0.6461,0.5726,0.6629,0.411
0.3,1.0,1.1,0.98,0.5731,0.6483,0.5785,0.6517,0.4141
0.3,0.6,1.2,0.98,0.5731,0.6523,0.5827,0.64,0.4173
0.2,0.6,1.2,0.96,0.5731,0.6506,0.5643,0.6563,0.4211
0.4,0.4,1.2,1.0,0.5731,0.6426,0.5932,0.649,0.4077
0.35,1.0,1.1,0.99,0.573,0.6457,0.5894,0.6445,0.4124
0.35,0.6,1.2,0.98,0.573,0.6498,0.5893,0.6392,0.4137
0.2,0.8,1.2,0.96,0.573,0.6581,0.5731,0.6327,0.4282
0.2,1.0,1.1,0.97,0.573,0.6483,0.5641,0.6602,0.4196
0.35,0.6,1.1,0.99,0.573,0.6411,0.5782,0.6665,0.4059
0.4,0.4,1.1,1.01,0.5728,0.6363,0.5872,0.6652,0.4026
0.2,0.4,1.3,0.96,0.5727,0.6499,0.5634,0.6564,0.4211
0.3,0.6,1.1,0.99,0.5726,0.6418,0.5718,0.6673,0.4096
0.35,0.2,1.3,0.99,0.5726,0.6419,0.5759,0.6666,0.4059
0.1,0.6,1.3,0.95,0.5726,0.655,0.5645,0.6322,0.4386
0.1,0.8,1.2,0.95,0.5725,0.6521,0.5609,0.6425,0.4346
0.3,0.4,1.3,0.98,0.5724,0.652,0.5803,0.64,0.4173
0.35,0.2,1.2,1.0,0.5724,0.6385,0.5758,0.6709,0.4042
0.3,0.2,1.3,0.99,0.5723,0.6423,0.5701,0.6674,0.4096
0.35,0.4,1.1,1.0,0.5723,0.6377,0.5764,0.6709,0.4042
0.4,0.2,1.2,1.01,0.5723,0.6352,0.5862,0.6652,0.4026
0.3,0.8,1.2,0.96,0.5722,0.6541,0.5852,0.6296,0.4201
0.3,0.2,1.8,0.98,0.5722,0.6524,0.5717,0.6418,0.4228
0.2,1.0,1.2,0.94,0.5722,0.6606,0.5747,0.6228,0.4309
0.35,0.4,1.3,0.98,0.5722,0.6495,0.5863,0.6393,0.4137
0.4,0.2,1.3,1.0,0.5722,0.6382,0.5861,0.6604,0.4043
0.4,0.6,1.2,0.98,0.5722,0.6453,0.5955,0.6377,0.4103
0.3,0.2,2.0,0.98,0.5722,0.6531,0.5723,0.6358,0.4274
0.2,0.6,1.3,0.95,0.5721,0.6587,0.5725,0.6277,0.4296
0.1,0.8,1.3,0.92,0.572,0.661,0.5653,0.6191,0.4428
0.2,0.8,1.1,0.98,0.5719,0.6428,0.5631,0.6635,0.4181
0.35,0.2,1.8,0.98,0.5718,0.6504,0.5776,0.64,0.4191
0.0,0.8,1.3,0.93,0.5717,0.6587,0.5572,0.616,0.4549
0.3,0.2,1.2,0.99,0.5717,0.6394,0.5664,0.6752,0.4058
0.4,0.2,1.1,1.02,0.5717,0.631,0.5851,0.6699,0.4008
0.3,0.4,1.1,0.99,0.5717,0.639,0.5668,0.6752,0.4058
0.2,0.4,1.2,0.98,0.5716,0.6423,0.5626,0.6635,0.4181
0.35,0.2,2.0,0.98,0.5715,0.6512,0.5784,0.6326,0.4238
0.5,0.6,1.1,1.0,0.5714,0.6297,0.6,0.6583,0.3976
0.0,1.0,1.2,0.94,0.5714,0.6525,0.5543,0.6288,0.4497
0.5,0.8,1.1,1.0,0.5713,0.6334,0.6055,0.6453,0.4009
0.3,0.2,1.5,0.98,0.5713,0.648,0.5705,0.6526,0.4141
0.35,0.2,1.1,1.0,0.5713,0.6355,0.5711,0.6779,0.4006
0.35,0.8,1.2,0.96,0.5713,0.6494,0.5918,0.6276,0.4163
0.5,0.4,1.1,1.01,0.5713,0.6267,0.5986,0.6637,0.3961
0.2,0.2,1.8,0.97,0.5713,0.6473,0.5594,0.6504,0.4281
0.2,0.2,1.5,0.97,0.5712,0.6454,0.5586,0.661,0.4195
0.4,0.4,1.3,0.98,0.571,0.6438,0.5921,0.6378,0.4103
0.2,0.2,2.0,0.97,0.571,0.6479,0.5593,0.6448,0.4318
0.35,0.2,1.5,0.99,0.571,0.6466,0.5797,0.6453,0.4124
0.5,0.2,1.1,1.02,0.5709,0.6229,0.5971,0.669,0.3945
0.5,0.2,1.2,1.01,0.5708,0.6263,0.5969,0.6637,0.3961
0.0,1.0,1.3,0.89,0.5708,0.6604,0.5533,0.6138,0.4557
0.1,0.6,1.2,0.96,0.5706,0.6432,0.5557,0.6542,0.4292
0.4,0.0,1.2,1.03,0.5705,0.6256,0.5829,0.6742,0.3991
0.4,0.0,1.1,1.03,0.5705,0.6256,0.5829,0.6742,0.3991
0.4,0.0,1.8,1.03,0.5705,0.6256,0.5829,0.6742,0.3991
0.4,0.0,2.0,1.03,0.5705,0.6256,0.5829,0.6742,0.3991
0.5,1.0,1.1,0.99,0.5705,0.6344,0.6069,0.6382,0.4024
0.4,0.0,1.5,1.03,0.5705,0.6256,0.5829,0.6742,0.3991
0.4,0.0,1.3,1.03,0.5705,0.6256,0.5829,0.6742,0.3991
0.3,0.6,1.3,0.95,0.5704,0.6528,0.583,0.6243,0.4214
0.2,0.6,1.1,0.98,0.5704,0.6391,0.5587,0.6692,0.4147
0.5,0.0,1.2,1.03,0.5703,0.6189,0.5956,0.6737,0.3929
0.4,0.2,1.8,0.98,0.5703,0.6449,0.5835,0.6374,0.4156
0.5,0.0,1.5,1.03,0.5703,0.6189,0.5956,0.6737,0.3929
0.5,0.0,1.8,1.03,0.5703,0.6189,0.5956,0.6737,0.3929
0.5,0.0,2.0,1.03,0.5703,0.6189,0.5956,0.6737,0.3929
0.5,0.0,1.3,1.03,0.5703,0.6189,0.5956,0.6737,0.3929
0.5,0.4,1.2,1.0,0.5703,0.6327,0.6022,0.6453,0.4009
0.5,0.0,1.1,1.03,0.5703,0.6189,0.5956,0.6737,0.3929
0.1,0.4,1.3,0.96,0.5702,0.6425,0.555,0.6543,0.4292
0.4,0.2,1.5,0.99,0.5702,0.6417,0.5858,0.6444,0.409
0.3,0.2,1.1,1.0,0.5702,0.6339,0.5653,0.6776,0.4041
0.1,0.2,1.8,0.96,0.57,0.6362,0.5511,0.6596,0.4331
0.2,0.2,1.3,0.98,0.57,0.6383,0.5579,0.6692,0.4147
0.35,0.0,1.5,1.02,0.5699,0.6285,0.5728,0.6779,0.4006
0.3,1.0,1.2,0.94,0.5699,0.6523,0.5877,0.6171,0.4226
0.35,0.0,1.8,1.02,0.5699,0.6285,0.5728,0.6779,0.4006
0.35,0.0,1.2,1.02,0.5699,0.6285,0.5728,0.6779,0.4006
0.2,0.8,1.3,0.92,0.5699,0.6588,0.5744,0.6129,0.4334
0.5,0.2,1.3,1.0,0.5699,0.628,0.5956,0.6583,0.3976
0.0,0.6,1.3,0.94,0.5699,0.6465,0.5492,0.6382,0.4457
0.1,1.0,1.3,0.89,0.5699,0.6607,0.5658,0.6072,0.446
0.35,0.0,1.3,1.02,0.5699,0.6285,0.5728,0.6779,0.4006
0.35,0.0,2.0,1.02,0.5699,0.6285,0.5728,0.6779,0.4006
0.35,0.0,1.1,1.02,0.5699,0.6285,0.5728,0.6779,0.4006
0.1,0.4,1.5,0.94,0.5698,0.6511,0.5593,0.6289,0.4398
0.4,0.2,2.0,0.98,0.5697,0.6461,0.5839,0.6287,0.4203
0.0,0.8,1.2,0.94,0.5695,0.6437,0.5464,0.6466,0.4414
0.1,1.0,1.1,0.96,0.5694,0.6398,0.5516,0.6606,0.4255
0.4,0.8,1.2,0.95,0.5693,0.6388,0.593,0.6345,0.411
0.1,0.2,2.0,0.95,0.5693,0.6378,0.5476,0.6589,0.4329
0.2,0.4,1.5,0.94,0.569,0.6561,0.5651,0.624,0.4308
0.2,0.4,1.1,0.98,0.5685,0.6354,0.5545,0.673,0.4113
0.3,0.0,1.1,1.02,0.5684,0.6247,0.5672,0.6776,0.4041
0.3,0.0,1.3,1.02,0.5684,0.6247,0.5672,0.6776,0.4041
0.3,0.0,1.8,1.02,0.5684,0.6247,0.5672,0.6776,0.4041
0.3,0.0,1.2,1.02,0.5684,0.6247,0.5672,0.6776,0.4041
0.3,0.0,2.0,1.02,0.5684,0.6247,0.5672,0.6776,0.4041
0.3,0.0,1.5,1.02,0.5684,0.6247,0.5672,0.6776,0.4041
0.6,0.0,1.8,1.03,0.5684,0.6097,0.606,0.6705,0.3874
0.6,0.0,2.0,1.03,0.5684,0.6097,0.606,0.6705,0.3874
0.6,0.0,1.2,1.03,0.5684,0.6097,0.606,0.6705,0.3874
0.6,0.0,1.5,1.03,0.5684,0.6097,0.606,0.6705,0.3874
0.6,0.0,1.3,1.03,0.5684,0.6097,0.606,0.6705,0.3874
0.1,0.4,1.8,0.9,0.5684,0.6414,0.5485,0.6392,0.4444
0.6,0.0,1.1,1.03,0.5684,0.6097,0.606,0.6705,0.3874
0.2,0.2,1.2,0.98,0.5684,0.6351,0.5543,0.673,0.4113
0.6,0.2,1.1,1.02,0.5683,0.6128,0.607,0.6647,0.3889
0.35,0.6,1.3,0.95,0.5681,0.6467,0.5883,0.6199,0.4175
0.6,0.4,1.1,1.01,0.5681,0.6156,0.6078,0.6586,0.3903
0.35,1.0,1.2,0.93,0.5679,0.6403,0.5891,0.6254,0.4167
0.1,0.8,1.1,0.97,0.5677,0.633,0.5508,0.6632,0.4239
0.0,0.4,1.8,0.9,0.5677,0.6337,0.5423,0.6458,0.4492
0.6,0.2,1.2,1.01,0.5676,0.6152,0.6061,0.6587,0.3903
0.1,0.2,1.5,0.96,0.5675,0.6354,0.548,0.6614,0.4253
0.1,0.4,1.2,0.97,0.5675,0.6325,0.5505,0.6633,0.4239
0.6,0.6,1.1,1.01,0.5675,0.6188,0.6128,0.645,0.3933
0.5,0.6,1.2,0.97,0.5674,0.6277,0.5994,0.6406,0.402
0.2,0.4,1.8,0.9,0.5673,0.6431,0.5537,0.6343,0.4382
0.1,0.4,2.0,0.9,0.5669,0.6423,0.5479,0.6299,0.4476
0.0,0.4,1.5,0.94,0.5666,0.6382,0.5493,0.6299,0.449
0.2,0.4,2.0,0.9,0.5666,0.6443,0.5541,0.624,0.444
0.0,0.6,1.2,0.95,0.5665,0.6336,0.5418,0.6549,0.4357
0.2,0.2,1.1,1.0,0.5663,0.6241,0.5568,0.673,0.4114
0.6,0.2,1.3,1.01,0.5661,0.6175,0.6085,0.645,0.3933
0.5,0.2,1.5,0.99,0.5661,0.6289,0.5938,0.6391,0.4024
0.2,1.0,1.3,0.88,0.566,0.6481,0.5721,0.6097,0.4341
0.0,0.4,1.3,0.95,0.566,0.6326,0.5411,0.6549,0.4357
0.5,0.4,1.3,0.97,0.5659,0.6253,0.5956,0.6407,0.402
0.3,0.4,1.5,0.94,0.5658,0.6484,0.5737,0.6185,0.4226
0.1,0.6,1.5,0.88,0.5658,0.6469,0.5546,0.6185,0.4431
0.4,1.0,1.2,0.92,0.5658,0.6288,0.5903,0.633,0.4113
0.1,0.6,1.1,0.97,0.5657,0.629,0.5464,0.6673,0.4202
0.4,0.6,1.3,0.94,0.5657,0.6341,0.5889,0.6277,0.4121
0.6,0.8,1.1,0.99,0.5657,0.615,0.6088,0.6461,0.3931
0.0,0.2,2.0,0.95,0.5656,0.6236,0.5395,0.6612,0.4381
0.0,0.4,2.0,0.91,0.5656,0.6368,0.5474,0.6247,0.4533
0.0,0.2,1.8,0.95,0.5656,0.6233,0.539,0.6628,0.4374
0.1,0.2,1.3,0.97,0.5654,0.6283,0.5458,0.6673,0.4202
0.7,0.0,1.3,1.03,0.5652,0.6007,0.6138,0.6637,0.3826
0.7,0.0,2.0,1.03,0.5652,0.6007,0.6138,0.6637,0.3826
0.7,0.0,1.8,1.03,0.5652,0.6007,0.6138,0.6637,0.3826
0.7,0.0,1.5,1.03,0.5652,0.6007,0.6138,0.6637,0.3826
0.7,0.0,1.1,1.03,0.5652,0.6007,0.6138,0.6637,0.3826
0.7,0.0,1.2,1.03,0.5652,0.6007,0.6138,0.6637,0.3826
0.0,0.6,1.5,0.9,0.5652,0.6456,0.5516,0.6063,0.4574
0.3,0.8,1.3,0.91,0.565,0.6404,0.5802,0.6168,0.4227
0.0,1.0,1.1,0.95,0.5649,0.63,0.5382,0.6599,0.4316
0.6,0.4,1.2,0.99,0.5647,0.6141,0.6055,0.6461,0.3931
0.7,0.2,1.1,1.02,0.5644,0.6027,0.6138,0.6573,0.384
0.5,0.2,1.8,0.97,0.5643,0.6259,0.5865,0.6376,0.4073
0.6,1.0,1.1,0.98,0.5638,0.6136,0.6091,0.6379,0.3945
0.2,0.0,2.0,1.01,0.5637,0.6158,0.5559,0.6735,0.4094
0.2,0.0,1.8,1.01,0.5637,0.6158,0.5559,0.6735,0.4094
0.2,0.0,1.5,1.01,0.5637,0.6158,0.5559,0.6735,0.4094
0.2,0.0,1.3,1.01,0.5637,0.6158,0.5559,0.6735,0.4094
0.2,0.0,1.2,1.01,0.5637,0.6158,0.5559,0.6735,0.4094
0.2,0.0,1.1,1.01,0.5637,0.6158,0.5559,0.6735,0.4094
0.1,0.4,1.1,0.98,0.5633,0.6209,0.5456,0.668,0.4186
0.0,0.6,1.8,0.82,0.5632,0.6209,0.5344,0.6473,0.4501
0.3,0.4,1.8,0.89,0.5632,0.6281,0.5568,0.6393,0.4286
0.1,0.2,1.2,0.98,0.5632,0.6207,0.5454,0.6681,0.4186
0.5,0.8,1.2,0.94,0.5632,0.6182,0.5952,0.6369,0.4027
0.35,0.4,1.5,0.93,0.5631,0.6351,0.5738,0.6268,0.4167
0.0,0.8,1.1,0.95,0.563,0.6258,0.5344,0.6639,0.4278
0.7,0.4,1.1,1.01,0.563,0.6032,0.6133,0.6502,0.3853
0.5,0.2,2.0,0.97,0.5629,0.6292,0.5869,0.6237,0.4116
0.0,0.4,1.2,0.95,0.5628,0.6253,0.5343,0.664,0.4278
0.35,0.8,1.3,0.9,0.5626,0.6276,0.5808,0.6255,0.4167
0.0,0.2,1.5,0.95,0.5625,0.6227,0.5356,0.6606,0.4313
0.7,0.2,1.2,1.01,0.5625,0.6027,0.612,0.6502,0.3853
0.2,0.6,1.5,0.88,0.5624,0.6436,0.5607,0.6113,0.4339
0.3,0.4,2.0,0.89,0.5617,0.6294,0.5581,0.6231,0.4364
0.1,0.6,1.8,0.82,0.5615,0.6207,0.539,0.6394,0.4467
0.0,0.8,1.5,0.83,0.5613,0.6347,0.5427,0.6125,0.4554
0.35,0.4,1.8,0.89,0.561,0.6232,0.5611,0.6349,0.4249
0.7,0.6,1.1,0.99,0.5607,0.5986,0.6079,0.6509,0.3851
0.0,0.6,2.0,0.82,0.5606,0.6217,0.5366,0.6329,0.4514
0.4,0.4,1.5,0.92,0.5606,0.6221,0.5744,0.6345,0.4113
0.0,0.6,1.1,0.96,0.5605,0.6181,0.5337,0.6643,0.4261
0.1,0.2,1.1,0.99,0.5605,0.6124,0.5447,0.6679,0.4169
0.1,0.8,1.5,0.82,0.5603,0.6319,0.5493,0.6162,0.4438
0.0,0.2,1.3,0.96,0.5602,0.6172,0.5332,0.6643,0.4261
0.3,1.0,1.3,0.87,0.56,0.6263,0.5766,0.614,0.4231
0.6,0.6,1.2,0.96,0.5599,0.6051,0.5998,0.6409,0.394
0.4,0.8,1.3,0.89,0.5598,0.6144,0.5801,0.6334,0.4112
0.6,0.2,1.5,0.98,0.5598,0.6093,0.5967,0.6389,0.3944
0.1,0.6,2.0,0.82,0.5597,0.622,0.5387,0.6271,0.4511
0.7,0.2,1.3,0.99,0.5595,0.5973,0.6043,0.651,0.3851
0.5,1.0,1.2,0.91,0.5591,0.608,0.5901,0.6353,0.403
0.35,0.4,2.0,0.89,0.559,0.6247,0.563,0.6153,0.4333
0.5,0.6,1.3,0.92,0.559,0.6073,0.5853,0.6414,0.4019
0.6,0.4,1.3,0.96,0.5589,0.604,0.5966,0.6409,0.394
0.7,0.8,1.1,0.98,0.5582,0.5965,0.6071,0.6427,0.3864
0.4,0.4,1.8,0.89,0.558,0.617,0.5644,0.6295,0.4212
0.2,0.6,1.8,0.82,0.5577,0.6133,0.5421,0.6344,0.4412
0.0,0.4,1.1,0.98,0.5576,0.6037,0.5359,0.6643,0.4264
0.0,0.2,1.2,0.97,0.5575,0.609,0.5328,0.6637,0.4243
0.7,0.4,1.2,0.98,0.5573,0.5955,0.6045,0.6428,0.3864
0.35,1.0,1.3,0.86,0.5573,0.613,0.5757,0.6235,0.4171
0.1,0.0,1.5,1.0,0.557,0.6029,0.5434,0.6666,0.4151
0.1,0.0,1.1,1.0,0.557,0.6029,0.5434,0.6666,0.4151
0.1,0.0,1.8,1.0,0.557,0.6029,0.5434,0.6666,0.4151
0.1,0.0,2.0,1.0,0.557,0.6029,0.5434,0.6666,0.4151
0.1,0.0,1.2,1.0,0.557,0.6029,0.5434,0.6666,0.4151
0.0,1.0,1.5,0.78,0.557,0.6238,0.54,0.6073,0.4569
0.1,0.0,1.3,1.0,0.557,0.6029,0.5434,0.6666,0.4151
0.3,0.6,1.5,0.86,0.5561,0.6164,0.5586,0.6286,0.4208
0.0,0.8,1.8,0.75,0.5559,0.5982,0.5276,0.648,0.4499
0.6,0.2,1.8,0.96,0.5556,0.604,0.5873,0.6319,0.3993
0.7,1.0,1.1,0.96,0.5555,0.5899,0.6007,0.6454,0.386
0.2,0.6,2.0,0.81,0.5553,0.6093,0.5387,0.6265,0.4469
0.4,0.4,2.0,0.88,0.5549,0.6134,0.5602,0.618,0.428
0.6,0.8,1.2,0.93,0.5548,0.595,0.5923,0.6372,0.3946
0.2,0.8,1.5,0.81,0.5546,0.6162,0.5494,0.6208,0.4319
0.0,0.2,1.1,0.99,0.554,0.5925,0.5352,0.6638,0.4245
0.4,1.0,1.3,0.85,0.5539,0.6001,0.5717,0.6324,0.4115
0.1,1.0,1.5,0.77,0.5537,0.6141,0.5442,0.6114,0.445
0.5,0.4,1.5,0.91,0.5535,0.6002,0.5738,0.6369,0.403
0.35,0.6,1.5,0.86,0.5531,0.6087,0.5613,0.6254,0.4171
0.0,0.8,2.0,0.75,0.5531,0.5993,0.5299,0.6322,0.4512
0.6,0.2,2.0,0.96,0.5523,0.6076,0.5869,0.6113,0.4033
0.1,0.8,1.8,0.76,0.5523,0.5987,0.5311,0.6284,0.451
0.7,0.2,1.5,0.96,0.5522,0.5862,0.5899,0.6467,0.3859
0.3,0.6,1.8,0.82,0.5522,0.6046,0.5437,0.6258,0.4347
0.5,0.8,1.3,0.88,0.552,0.593,0.5756,0.6363,0.4028
0.7,0.6,1.2,0.94,0.5516,0.5818,0.5905,0.6486,0.3856
0.6,0.6,1.3,0.91,0.5509,0.5861,0.5811,0.6425,0.3938
0.7,0.4,1.3,0.94,0.5507,0.5809,0.5874,0.6488,0.3856
0.6,1.0,1.2,0.9,0.5499,0.585,0.5839,0.6359,0.3948
0.0,0.0,1.1,1.0,0.5499,0.5808,0.5344,0.6617,0.4226
0.0,0.0,1.3,1.0,0.5499,0.5808,0.5344,0.6617,0.4226
0.0,0.0,1.8,1.0,0.5499,0.5808,0.5344,0.6617,0.4226
0.0,0.0,1.5,1.0,0.5499,0.5808,0.5344,0.6617,0.4226
0.0,0.0,2.0,1.0,0.5499,0.5808,0.5344,0.6617,0.4226
0.0,0.0,1.2,1.0,0.5499,0.5808,0.5344,0.6617,0.4226
0.4,0.6,1.5,0.85,0.5496,0.5954,0.5572,0.6345,0.4115
0.35,0.6,1.8,0.81,0.549,0.5947,0.5394,0.6336,0.4285
0.3,0.6,2.0,0.81,0.549,0.6005,0.5405,0.6123,0.4426
0.1,0.8,2.0,0.75,0.549,0.5946,0.526,0.6228,0.4527
0.5,0.4,1.8,0.88,0.5482,0.5948,0.5598,0.626,0.4122
0.2,0.8,1.8,0.75,0.5474,0.5863,0.5232,0.637,0.4429
0.3,0.8,1.5,0.8,0.5467,0.5938,0.544,0.6279,0.4212
0.0,1.0,1.8,0.7,0.5467,0.5795,0.5182,0.6362,0.453
0.7,0.8,1.2,0.91,0.5466,0.5726,0.5816,0.6462,0.386
0.2,1.0,1.5,0.76,0.5465,0.5987,0.5377,0.6166,0.4331
0.5,1.0,1.3,0.84,0.5456,0.579,0.5647,0.6357,0.403
0.6,0.4,1.5,0.89,0.5454,0.575,0.5643,0.6493,0.3929
0.4,0.6,1.8,0.81,0.5449,0.589,0.5392,0.6266,0.4248
0.7,0.2,1.8,0.95,0.5446,0.5844,0.5848,0.6178,0.3912
0.35,0.6,2.0,0.81,0.5445,0.5967,0.541,0.6007,0.4395
0.6,0.8,1.3,0.87,0.5438,0.5734,0.5696,0.6376,0.3946
0.2,0.8,2.0,0.75,0.5438,0.5883,0.5243,0.6094,0.4534
0.5,0.4,2.0,0.88,0.5433,0.6011,0.56,0.5915,0.4207
0.1,1.0,1.8,0.7,0.5432,0.5746,0.5147,0.6317,0.452
0.0,1.0,2.0,0.7,0.543,0.5808,0.5196,0.6174,0.4544
0.35,0.8,1.5,0.8,0.543,0.5862,0.5443,0.624,0.4174
0.7,0.6,1.3,0.89,0.5428,0.5648,0.5702,0.651,0.3853
0.7,1.0,1.2,0.88,0.542,0.5635,0.5726,0.6459,0.386
0.3,0.8,1.8,0.75,0.5414,0.5787,0.5225,0.6276,0.4367
0.5,0.6,1.5,0.84,0.5413,0.5737,0.5506,0.638,0.403
0.7,0.2,2.0,0.95,0.5404,0.5875,0.5846,0.594,0.3954
0.4,0.8,1.5,0.79,0.5396,0.5728,0.5394,0.6344,0.4116
0.2,1.0,1.8,0.7,0.5387,0.5693,0.5116,0.6265,0.4474
0.4,0.6,2.0,0.8,0.5387,0.5864,0.5344,0.6002,0.4338
0.1,1.0,2.0,0.7,0.5383,0.5764,0.515,0.6043,0.4575
0.3,1.0,1.5,0.75,0.5383,0.5758,0.5312,0.6241,0.4221
0.35,0.8,1.8,0.75,0.5382,0.5753,0.5232,0.6209,0.4334
0.7,0.4,1.5,0.88,0.5378,0.5581,0.5589,0.6482,0.3859
0.6,1.0,1.3,0.82,0.5378,0.5562,0.5528,0.6495,0.3926
0.6,0.4,1.8,0.87,0.5365,0.5744,0.5534,0.6146,0.4038
0.7,0.8,1.3,0.85,0.5363,0.5531,0.5579,0.6484,0.3858
0.3,0.8,2.0,0.74,0.5362,0.5751,0.5199,0.6028,0.4471
0.35,1.0,1.5,0.74,0.5346,0.5621,0.5257,0.6347,0.4157
0.5,0.6,1.8,0.8,0.534,0.568,0.5323,0.6202,0.4153
0.6,0.6,1.5,0.83,0.5337,0.5557,0.5443,0.6404,0.3946
0.4,0.8,1.8,0.75,0.5335,0.5701,0.5216,0.6126,0.4299
0.2,1.0,2.0,0.69,0.5335,0.5658,0.5078,0.6043,0.4559
0.3,1.0,1.8,0.7,0.532,0.5626,0.5105,0.6137,0.4411
0.5,0.8,1.5,0.78,0.5313,0.5515,0.5316,0.6392,0.403
0.35,0.8,2.0,0.74,0.5309,0.5716,0.519,0.5889,0.4441
0.4,1.0,1.5,0.74,0.5308,0.554,0.5258,0.6311,0.4122
0.7,1.0,1.3,0.81,0.5306,0.5416,0.5453,0.6497,0.3856
0.6,0.4,2.0,0.87,0.5299,0.5812,0.5532,0.5745,0.4108
0.35,1.0,1.8,0.69,0.5284,0.5523,0.5055,0.6211,0.4348
0.7,0.6,1.5,0.81,0.5264,0.5341,0.5332,0.6527,0.3854
0.5,0.6,2.0,0.8,0.5263,0.5767,0.5316,0.5696,0.4271
0.3,1.0,2.0,0.69,0.525,0.5591,0.5086,0.5786,0.4537
0.4,0.8,2.0,0.74,0.5247,0.5678,0.5173,0.5728,0.4409
0.6,0.8,1.5,0.76,0.524,0.5283,0.5198,0.6553,0.3923
0.7,0.4,1.8,0.86,0.5235,0.554,0.5486,0.5964,0.395
0.4,1.0,1.8,0.69,0.5235,0.547,0.5032,0.6125,0.4314
0.5,1.0,1.5,0.72,0.5227,0.5266,0.512,0.6512,0.4009
0.5,0.8,1.8,0.74,0.521,0.5473,0.514,0.603,0.4197
0.6,0.6,1.8,0.79,0.5201,0.5463,0.5242,0.6037,0.4062
0.35,1.0,2.0,0.68,0.5189,0.5487,0.5011,0.578,0.4477
0.7,0.4,2.0,0.87,0.5174,0.565,0.5523,0.5487,0.4037
0.7,0.8,1.5,0.75,0.5172,0.515,0.5124,0.6566,0.3849
0.6,1.0,1.5,0.71,0.5162,0.5115,0.5042,0.6565,0.3925
0.4,1.0,2.0,0.69,0.5129,0.5516,0.5044,0.5477,0.4481
0.6,0.6,2.0,0.8,0.5128,0.5614,0.5281,0.5428,0.4188
0.5,0.8,2.0,0.74,0.5122,0.5583,0.5126,0.544,0.4338
0.5,1.0,1.8,0.68,0.5107,0.5262,0.4946,0.6007,0.4211
0.7,1.0,1.5,0.7,0.5099,0.5002,0.4961,0.6585,0.3849
0.7,0.6,1.8,0.79,0.5074,0.5329,0.5224,0.5753,0.3991
0.6,0.8,1.8,0.73,0.5072,0.5278,0.5046,0.5866,0.4097
0.6,0.8,2.0,1.06,0.5027,0.7201,0.6605,0.1135,0.5165
0.7,0.8,2.0,1.15,0.5019,0.7039,0.7038,0.0705,0.5294
0.5,1.0,2.0,0.69,0.5016,0.5452,0.4982,0.5226,0.4405
0.7,1.0,2.0,1.1,0.5015,0.7093,0.6877,0.0593,0.5496
0.7,0.6,2.0,0.8,0.5011,0.5465,0.5262,0.5212,0.4105
0.6,1.0,1.8,1.07,0.4999,0.711,0.681,0.0789,0.5286
0.6,1.0,2.0,1.01,0.4985,0.7152,0.6464,0.0975,0.5349
0.7,1.0,1.8,1.16,0.4981,0.6889,0.7157,0.047,0.5409
0.7,0.8,1.8,0.73,0.4948,0.5162,0.5013,0.5598,0.4019
