rpm,ch1_rms,ch1_kurtosis,ch1_BPFI_raw,ch1_BPFI_nfe,ch1_BPFO_raw,ch1_BPFO_nfe,ch1_BSF_raw,ch1_BSF_nfe,ch1_FTF_raw,ch1_FTF_nfe,ch2_rms,ch2_kurtosis,ch2_BPFI_raw,ch2_BPFI_nfe,ch2_BPFO_raw,ch2_BPFO_nfe,ch2_BSF_raw,ch2_BSF_nfe,ch2_FTF_raw,ch2_FTF_nfe,ch3_rms,ch3_kurtosis,ch3_BPFI_raw,ch3_BPFI_nfe,ch3_BPFO_raw,ch3_BPFO_nfe,ch3_BSF_raw,ch3_BSF_nfe,ch3_FTF_raw,ch3_FTF_nfe,ch4_rms,ch4_kurtosis,ch4_BPFI_raw,ch4_BPFI_nfe,ch4_BPFO_raw,ch4_BPFO_nfe,ch4_BSF_raw,ch4_BSF_nfe,ch4_FTF_raw,ch4_FTF_nfe,bearing_id,file_idx,time_sec
681.7,0.1534385157265381,3.8715150686776134,0.00023273553658784287,0.038364833398861146,0.0010367561962041714,0.1709020432622996,0.00018688727359030257,0.03080706634138427,1.1661616385353086e-05,0.0019223362978632915,0.17194847518649256,3.5003228690131647,0.00030166036505672355,0.0456566106849303,0.0009591863746177622,0.14517385759968202,0.00018099854260250078,0.027394318085467564,1.935007931193851e-05,0.002928654673283236,0.11952382736842464,4.139309208559374,0.00017882225796271025,0.046119280003778663,0.0008362919354896164,0.21568445884287202,0.00012389343222369897,0.03195282263209907,9.117195099673024e-06,0.0023513766040163813,0.16368248713200548,3.8257620883662313,0.0002879761469924086,0.04366893317229778,0.0012667693508884375,0.192093917174746,0.0001662706581642006,0.025213415540551176,1.5194508080006892e-05,0.002304107353548456,3,1,0
727.6666666666666,0.15508333308881417,3.857624402184553,0.00027038929588487097,0.04374445832081609,0.00017758518722800593,0.028730308260418412,0.0010922959682672922,0.1767151887484816,1.2418664791392952e-05,0.0020091319169623662,0.18094723025509185,3.440478128245548,0.0003370296469715898,0.04698112699681093,0.0002375780369788728,0.033117810338798924,0.0009741541153520548,0.13579475461302326,2.7620437758329995e-05,0.00385022298688459,0.12062389909501611,4.132498193844193,0.00020311847501508268,0.05157770534390911,0.0001348833508162991,0.03425081703515943,0.0008650109022925422,0.21965149863595992,9.707755287342382e-06,0.0024650822222062325,0.16708653443259805,3.78074551848213,0.0003127107088485276,0.045947145254115786,0.00021998595059598047,0.032322930235159565,0.001271246471199958,0.18678652381648875,1.7070752996738758e-05,0.0025082363518232325,3,2,600
727.8333333333334,0.15548311964645323,3.888503690879438,0.00027735827948835125,0.044482487153454556,0.0001767228995582496,0.028342669718829264,0.0011010466439458477,0.17658493297919528,1.2814195249125225e-05,0.0020551298364071763,0.17980757274240605,3.4410854519470058,0.0003390139856688385,0.04808398756276807,0.00023986644684767026,0.03402141426169754,0.0009574451666538509,0.13579906266872305,2.655149898066005e-05,0.003765927073008832,0.12135946596156474,4.152943819210673,0.0002082217551419781,0.05229857033452185,0.00013577649069101456,0.03410266301586376,0.0008658068677000035,0.217462682204584,9.908678122550286e-06,0.002488739466061015,0.16779816625352617,3.8145968915081876,0.00032494298119108747,0.04757128636262379,0.00022088044757338467,0.03233664867879964,0.0012573862756051425,0.1840799341656494,1.6338365290150055e-05,0.0023919182715253532,3,3,1200
767.5,0.1766932484211145,3.5562580272275834,0.0003300675019278263,0.04367766256773705,0.00024299910094849504,0.03215594590046206,0.0009672284670962143,0.12799284499379684,2.01429340514957e-05,0.002665504090789856,0.2693767751337384,3.125207798362948,0.0013701585390723072,0.09317659501858662,0.0009741545929320761,0.06624664621116377,0.0011914631687204844,0.08102455152861099,4.1205304789604846e-05,0.002802135583228171,0.131018143271421,3.8852195870852406,0.0002169151178312546,0.049835766975290734,0.0001494261233634754,0.03433032025806652,0.0008291498860370488,0.19049534638833446,1.0816250517770043e-05,0.0024850095546096952,0.23600721112555617,3.225782708964769,0.0005273494072473837,0.04639640888074211,0.0003897022223144492,0.034286155250674646,0.0009566954620275165,0.08417044415062128,3.054331880914821e-05,0.0026872132376918154,3,4,1800
961.1666666666666,0.18446340592685437,3.4590653975077266,0.00040327087648634873,0.05007160000213292,0.00029954256003282033,0.03719230949742533,0.0005975514331196729,0.07419419076468416,2.7067666018369853e-05,0.0033608212863569394,0.12792015738591248,4.811274359375467,0.00035641557370501715,0.0691502147378805,0.0002504532063106128,0.04859185253364749,0.0008115855027284026,0.15746032421767248,1.7896634836950423e-05,0.0034722280207789193,0.13534570039613503,3.7649589275459214,0.00025815636722251607,0.05703159293698196,0.0001804224631104003,0.03985871270000786,0.0004579064992733857,0.10116015092220601,1.3268006383177382e-05,0.0029311519497732257,0.24705831403579942,3.191041111675315,0.000590939724677644,0.04767216098834587,0.0004520187962773752,0.03646516205633004,0.0009061101047726803,0.07309751736770376,8.142326763508411e-05,0.006568560143785081,3,5,2400
959.5,0.18347142867444577,3.476131279227972,0.00040581255112657837,0.050632637699099675,0.0002920637569443099,0.036440367231979943,0.0005890846944696628,0.07349923462535748,2.4864974579740326e-05,0.0031023664640195485,0.12911457516954797,4.781852276767668,0.000367470676181099,0.07100000286557799,0.0002552232038183781,0.04931236524989118,0.0008164264954992072,0.1577439705458572,1.799976220377345e-05,0.0034777827208661797,0.1394023551230239,3.6852467429660094,0.0002719705318491827,0.05777842974397827,0.00018656100340388825,0.0396337123542307,0.00044892925636254673,0.09537219831280688,1.2907660696101833e-05,0.0027421513706580285,0.25450993279069395,3.171425665315957,0.0006340170905877773,0.04805804143970596,0.0004916309315789971,0.03726527255118786,0.0009540357112728401,0.07231522371866073,7.964537091735668e-05,0.006037062080579928,3,6,3000
956.6666666666666,0.18426566447015888,3.4628287734088135,0.00039862222347110984,0.049566613939042097,0.0002857244359439938,0.03552835736568742,0.0005749647881991265,0.0714939007590847,2.309777502924803e-05,0.002872088986299478,0.3531984966384278,3.027147802897922,0.002464665209060989,0.09664263191936072,0.0021793030887932744,0.08545322321128387,0.004963250696072921,0.1946153207261899,0.0002799947099452393,0.010978945778568961,0.14325855622845496,3.6029643236654083,0.0002643197268614161,0.054102844356248604,0.00018642541273456394,0.038158881325250936,0.00043390898921752505,0.08881558250369001,1.4428412953895629e-05,0.0029533103322310016,0.2613957102643294,3.152322562691954,0.0006430543731988469,0.04609438949946042,0.0005165181541055104,0.037024223722244336,0.0009437276892308411,0.06764677063378087,7.846609458718587e-05,0.005624480412770379,3,7,3600
961.4166666666666,0.1839719529176289,3.4758988218279954,0.00040472063564284447,0.05046070445875523,0.0002772844361702254,0.03457191640938683,0.0005687753899816345,0.07091510619835119,2.201362099847066e-05,0.002744665642033506,0.3509665349353265,3.0143289032201124,0.002302213528139414,0.09309081246032741,0.0020965313114720257,0.08477397980159376,0.004406632437516747,0.17818373005304727,0.00024586869539060355,0.00994178703787289,0.1452729607965188,3.5819645178812314,0.0002638346836371179,0.05294438220618929,0.0001827564081578987,0.03667419685218692,0.00041768477969805545,0.08381787531944748,1.3930631152113866e-05,0.002795495459214903,0.2596411994441658,3.1361785275770213,0.0006432379203429792,0.04734038324741706,0.0004995345902735898,0.03676424881214065,0.0008778065536112671,0.06460393168812861,7.066982666103209e-05,0.0052010874551331274,3,8,4200
962.5833333333334,0.1858837266170971,4.113598472717356,0.00047382537904615025,0.0544641661343429,0.00034206511047241964,0.039318896431922955,0.0006266244188759261,0.07202775107192055,2.745987015963428e-05,0.0031563926217133636,0.36710532800989487,3.6729241566682904,0.0027917515538863646,0.09607258510179284,0.0023938594665648106,0.08237991915975539,0.005664653634999883,0.19493780442715508,0.00027590102098241876,0.009494585677262555,0.14491249699391368,3.575181462939635,0.00026400999982165765,0.053057919505591876,0.0001861553968200434,0.037411530118864576,0.0004284840317598242,0.08611215969812382,1.4240162904727194e-05,0.002861836360955712,0.2627687793924844,3.164764482043178,0.0006848977253534168,0.04850727300117729,0.0005090473045513298,0.03605282315639626,0.000968907529700305,0.06862201510717066,8.003577216295078e-05,0.005668462467392412,3,9,4800
963.4166666666666,0.16359209685549356,3.6651057215008156,0.0003246245667628999,0.049601240395097834,0.00022640107054859026,0.034593111784389875,0.0005466226706573826,0.08352159777386844,1.899271785957884e-05,0.002902005765316289,0.24251796548802698,3.1423306665983426,0.0006053082144489356,0.05342690117375296,0.0006563775341938963,0.05793448166563308,0.0007673287096766003,0.06772747199044259,7.654179943095843e-05,0.006755882468209956,0.1440008481634368,3.585901180585136,0.00027664809302022314,0.058727196909256846,0.00020395762254370208,0.04329637457284872,0.00040423368784229055,0.08581122365276485,2.23870248444117e-05,0.0047523451251626145,0.20420874651042584,3.3807742198967325,0.0003839338999095705,0.04624725846072195,0.0002992084329762671,0.036041541881923544,0.000577318474536204,0.06954164951913382,3.470389469614186e-05,0.004180302880220197,3,10,5400
725.3333333333334,0.16369793226289736,3.706079925343341,0.0002809046940821919,0.042294643577190295,0.0001855952758724161,0.027944303559189896,0.0010057049867269587,0.15142478873981977,1.4149059277658321e-05,0.002130364610162041,0.22865132331995724,3.1951125241984397,0.0005085814185799968,0.04879237344407592,0.000435757482128562,0.04180577784070715,0.001075844428198853,0.10321455167389276,7.161897051062482e-05,0.00687099336934389,0.13735706959297794,3.7076049903715274,0.0002267884575623608,0.04973261597939541,0.00015313827008223382,0.03358180949599026,0.0007272782798917295,0.1594854155841022,1.2830808591524138e-05,0.002813677923674463,0.194196166801925,3.455153896871787,0.00032322681770490555,0.04021771407064165,0.0002346105674718678,0.029191577566279884,0.0010644107252408654,0.13244002000027036,2.368338266123886e-05,0.002946820807934591,3,11,6000
722.1666666666666,0.16401505164390395,3.7275995045868204,0.00028598145034762436,0.04256669779534486,0.00018774124589634726,0.027944207108808124,0.0010354737961446633,0.1541243325464328,1.5647877112450952e-05,0.002329096713702034,0.13184915451622714,4.5682638448093815,0.0003000622970277799,0.058071511914884306,0.00020276491422070763,0.03924140169798872,0.0013532877348510744,0.2619038299616673,1.610492167814226e-05,0.003116809943749555,0.13712682631539935,3.7528511776404807,0.00023385964378268534,0.05084574077270502,0.00015549243305391778,0.03380714951624352,0.0007590232207418799,0.16502675407377262,1.2632928881450063e-05,0.002746650156121488,0.19237674027679028,3.5133210055518664,0.0003266322526181271,0.04068177728843416,0.00023315716231980338,0.029039531995595506,0.0011147034667645305,0.13883539611924847,2.0906179607547103e-05,0.0026038474030933316,3,12,6600
719.6666666666666,0.16296436262270614,3.751694771170837,0.00028444682858855817,0.04273262885239838,0.0001875344442352991,0.02817341941308673,0.001033408151815813,0.15524956711141352,1.4322435796380464e-05,0.002151668683338768,0.13165702217676697,4.578921298826865,0.00029232321697403687,0.05682040559097739,0.00019944284365468483,0.038766757515820545,0.0013318253356016316,0.2588739154165283,1.5295943038478848e-05,0.0029731531294007606,0.13587548103980135,3.7740084807061467,0.0002265573950312613,0.050016362423556796,0.00015144557743525862,0.03343416306230717,0.0007484354136323623,0.1652297286243761,1.1547234097588717e-05,0.002549246496831222,0.19008962528556575,3.520356182309251,0.00031442452197560504,0.040002889832360305,0.00023036976472847465,0.0293089618495307,0.0010977414364532053,0.1396609573290901,1.8625230956633e-05,0.002369608634145473,3,13,7200
722.0833333333334,0.16259748730316695,3.750009710392286,0.00028576162473996835,0.04317910445512116,0.0001871729914871683,0.02828218154889134,0.0010465485629455845,0.15813540309306592,1.4645002844628746e-05,0.002212886730851953,0.13183723541551218,4.540602954550016,0.00029849725175458446,0.05795147663232196,0.00020125774113347717,0.03907300055130734,0.0013375442941227676,0.25967631678324377,1.524628298702784e-05,0.0029599757018162957,0.13599032873700365,3.7490130570659845,0.00022628234245579946,0.050371131880770394,0.00015110271910201753,0.03363592098626721,0.000757432650365371,0.1686067923298437,1.2106899834915902e-05,0.002695032416729326,0.19020669864200826,3.5205703338274015,0.00032318743130786795,0.0414872764640745,0.00022886103436064873,0.02937868272274961,0.0011130236629252363,0.14287783478451127,1.8425538997325275e-05,0.00236526967428207,3,14,7800
725.5833333333334,0.16046066950275045,3.7477922612218855,0.00027901331295099015,0.04334824667581655,0.00018705302327264852,0.029061052709353333,0.0010107743116547084,0.15703657195340823,1.2722652633559243e-05,0.001976624982146021,0.13010677972240173,4.5259096863381,0.0002902356203870473,0.05796150427020915,0.00019798379147518725,0.0395383528724629,0.001297432795885484,0.2591038151648666,1.281497452349529e-05,0.0025592144740044544,0.13680888316445758,3.730054412136986,0.00022138604226010377,0.05007465899484495,0.00015160992658301496,0.03429220422558719,0.0007322711984875468,0.1656302727203067,1.0959040793345164e-05,0.0024787932655330218,0.192790192426987,3.485504064914815,0.00031604244266252577,0.04095814793384136,0.0002294094590257654,0.029730774389163887,0.0010534458592656724,0.13652340799735296,1.8977935616770956e-05,0.002459483251433523,3,15,8400
724.5833333333334,0.1519854215602955,4.059458222116122,0.00027830387383284195,0.044869865072060505,0.00020371055544836497,0.03284347073879642,0.001201729108278504,0.19375017026895916,1.5114510394856392e-05,0.0024368544810655494,0.3161137291915257,3.1624036663924495,0.0024723089950479667,0.11689252214361395,0.0022853180879072944,0.10805145947815559,0.0022451353354229404,0.10615159045127548,8.8558268685513e-05,0.004187097730929301,0.1450257404048158,3.571807457020771,0.00020333869463825098,0.04125088049748224,0.0001466174561025307,0.02974396570849534,0.0006828123344764798,0.13852065914854944,1.1283864032197691e-05,0.002289133052467543,0.235954867562099,3.297721322263314,0.0005114666211501157,0.04387855769297707,0.00039222001369632547,0.03364842941385869,0.0009543680935261285,0.08187493322234228,3.5095417374988875e-05,0.0030108246215261565,3,16,9000
962.3333333333334,0.18826631667551852,3.4202390517462073,0.0004329321381170973,0.05209481059119211,0.0003058477098897336,0.036802715977038526,0.000581418960979938,0.06996225962366691,2.5778019378996146e-05,0.0031018742170664695,0.12677003287677782,4.894723044589615,0.0003710359007785064,0.07239464966884518,0.00025782619867511223,0.050305744779336664,0.0008428708742793035,0.16445670494820805,1.798273353640505e-05,0.0035087000792233085,0.14566094886013717,3.5708050570009475,0.00027988714895418475,0.05626812815763624,0.0001956539056347903,0.039333992567849356,0.00043956174072289544,0.08836888886326895,1.5121970355045027e-05,0.0030401001586283353,0.2635651205806497,3.147323015381313,0.0007164515873457041,0.05097295267352924,0.0005481455738044871,0.0389985853688376,0.0009446530940476492,0.06720866881485389,8.249676136603922e-05,0.0058693477509199725,3,17,9600
961.25,0.18364955700576183,3.484754049108222,0.0004197700223868307,0.05228817318117396,0.00029166666827721394,0.03633112525601217,0.0005948279648528858,0.07409406575148686,2.556363317669647e-05,0.003184304755929718,0.12672066169718987,4.889609200480666,0.0003695125611236474,0.07200760269570503,0.0002572362804781602,0.050128114257512596,0.0008385767548773137,0.16341501791289142,2.061129481815575e-05,0.00401656150415186,0.14528192561107386,3.5803017586226265,0.0002733073400013579,0.055143709194340536,0.000193173096528436,0.03897546644404583,0.0004386846759216593,0.08851097887424945,1.700885320246874e-05,0.003431782164070324,0.25996719803191537,3.159598233400985,0.0006794327756380345,0.049843941684529484,0.0005230625844061101,0.03837245109350883,0.0009075338476702003,0.06657768921661347,8.534625070322074e-05,0.00626109557203768,3,18,10200
961.25,0.18545809247565093,3.467488942775208,0.0004226935729908953,0.05176205745460406,0.0002946038682147635,0.036076494480339914,0.0005866988802405886,0.07184576035230929,2.4631500041883705e-05,0.003016315368458487,0.12716374126555813,4.928677294024294,0.00037238599659941414,0.07205738108586296,0.0002611582410186075,0.05053460406309236,0.0008398958894995491,0.1625214125525312,1.97057169918577e-05,0.0038130927903283285,0.14571152410820437,3.5867659611240703,0.0002715900105316836,0.05449300038719054,0.00018886711761118103,0.03789511953317221,0.0004334411442263271,0.08696751546167089,1.54174431983026e-05,0.0030934228270394393,0.2609624626656172,3.1601771725954255,0.0006996785329885894,0.05079553936266237,0.0005227196101039503,0.037948605364892266,0.0008928019605652208,0.06481599047671854,7.647296414771022e-05,0.005551814551108762,3,19,10800
963.75,0.18217488072832363,3.5028094567822636,0.0004149948159321645,0.0522023667901915,0.0002911649193050353,0.03662575369732447,0.0005904503181967458,0.0742729858267197,2.4818729646308978e-05,0.0031219581029055567,0.31731713789101773,3.110395592360081,0.0022859063959927866,0.11042922101506142,0.0019567707976729885,0.09452910026011858,0.0038732725143699794,0.1871128526044313,0.0002885405333399662,0.013939024967889967,0.14634705837304696,3.5724864946208577,0.0002738065555138871,0.05455072356548668,0.00019024203715544365,0.03790209025464806,0.0004420500418320259,0.08807002297235952,1.524008167707782e-05,0.003036295026323961,0.2635650267476663,3.140578519723513,0.0007135264357912111,0.05102486081757446,0.0005270775364366454,0.03769174705759532,0.000934985802817639,0.06686160184419307,8.183505069871147e-05,0.005852091614896738,3,20,11400
962.5,0.1818776559558536,3.499532771100469,0.0004182912105149654,0.05294815390153441,0.00028825578930304665,0.03648800527325432,0.000585607865859521,0.07412743712521708,2.2707832056853096e-05,0.002874403660158759,0.3712606533749306,3.027653167133747,0.0029936557578129313,0.10685418640568409,0.002511698569927155,0.08965142584796063,0.004896771581610893,0.17478313663885311,0.00032352807723758217,0.011547863972801314,0.14705177917235412,3.56808537936731,0.0002762674793977442,0.05485245390232401,0.00019375139321290354,0.038469020631346246,0.00042829068421780525,0.08503641132161355,1.5322778711128667e-05,0.003042312525310425,0.2651939658612901,3.1461463946798105,0.0007559230751655727,0.053377546009191285,0.0005391757872422007,0.03807249882437936,0.0009101275475738254,0.06426629460175369,8.329742891781332e-05,0.005881831750583947,3,21,12000
960.9166666666666,0.1853038187139482,3.4294324904405027,0.00040858410342676046,0.05076284127903088,0.0002858865171298257,0.03551878737122151,0.0005466361391626067,0.06791454522328881,2.4268941698793643e-05,0.003015194240631408,0.3770756383978454,3.044574289878355,0.0030158412982951156,0.10357390027080915,0.002687892606922094,0.0923110645660877,0.005538749578248812,0.19021886090850662,0.000407742260675038,0.01400320907709053,0.14880455224878042,3.5156161513016597,0.00026561182159483103,0.05223855816470703,0.00018729131604401625,0.03683506347030854,0.0003995665975216632,0.07858378749854439,1.6176497831120026e-05,0.003181473316128432,0.26828902507257396,3.1265157902599374,0.0007669672803486663,0.05327803113226727,0.000547124947944202,0.03800649748260411,0.0009672980638291205,0.06719417852537515,7.176910635000122e-05,0.004985501703165342,3,22,12600
724.3333333333334,0.17112912558861568,3.6492538606751417,0.00029463844693501613,0.04132761801594643,0.00019995669708152536,0.028047032159853175,0.0009596422680995004,0.13460473166531367,1.4364628024441288e-05,0.0020148621678901337,0.13381539544475027,4.445631425332834,0.0002975570179956043,0.05754677404685689,0.00020198449276971972,0.03906328959970882,0.0012680010879650482,0.24522820060446796,1.4360264137338868e-05,0.002777238732701744,0.14303084196569402,3.6732704378724272,0.00023080987002018502,0.049122365825826325,0.00015746383259629984,0.03351241430210791,0.0007063703068912575,0.15033404169665301,1.216913570983437e-05,0.0025899097645622053,0.2030436014791498,3.3893535206164374,0.00034195337721059526,0.041344214610476784,0.00024993077036124136,0.0302181294183071,0.0010272090325661612,0.12419573404616668,2.3464681113406392e-05,0.002837020706251461,3,23,13200
724.6666666666666,0.17008951820093887,3.6523800914416285,0.0002879327898196182,0.040851272054741046,0.0001863999668977454,0.02644601805686981,0.0009912529146772647,0.1406367872096272,1.5709226469377995e-05,0.002228790561408907,0.2397670333537232,3.17503959339741,0.0006061084733547288,0.054044885239680915,0.0005136174363564043,0.04579773526567283,0.0010567828360961093,0.09423017431840552,7.587390350016682e-05,0.006765449729908725,0.1419072005582502,3.677290324625423,0.00022746269119166288,0.048633611323308165,0.0001503891785402218,0.03215458683812856,0.0007377098294264873,0.1577291331855426,1.2956561389641667e-05,0.002770231757169635,0.20274499948414204,3.4476478153421475,0.00033726740527225665,0.04061571043342848,0.00024630178841821384,0.02966109965341688,0.0010602295630401006,0.12767903524693017,2.5200849817918512e-05,0.003034833496746131,3,24,13800
723.9166666666666,0.16859461636035258,3.6557678494007484,0.00028291786558078065,0.040770908651515725,0.0001905311703676585,0.027457187711986946,0.0009646261390379925,0.13901096036069488,1.4116090646625258e-05,0.0020342506157701302,0.13404334482169383,4.42016256556784,0.00028985169264592004,0.056371230904717254,0.00019879335015890695,0.038661929974718026,0.001265539230526721,0.2461258843506159,1.495140899041173e-05,0.002907795089466519,0.14040080510093678,3.7091658608427154,0.00022061768283998675,0.04812979221114407,0.00015212722179786615,0.03318796336058175,0.0007233511636214113,0.15780576041150254,1.2902056762277508e-05,0.002814703259825245,0.19773547588527238,3.4364808012037287,0.00032444122602033257,0.040416424930141935,0.00023829429907700676,0.02968489475909903,0.0010628193702839047,0.13239796871772444,2.1354162553432482e-05,0.0026601394599981088,3,25,14400
724.0,0.16725117885919377,3.6532866519290814,0.00028101808434776387,0.04114711815161095,0.00018505773976778381,0.02709645075251423,0.0009673724683900411,0.1416442267259989,1.3920225030398787e-05,0.0020382216516500453,0.1332335415964147,4.417590214241158,0.00028868519680301226,0.056632342795251256,0.0001955525952814545,0.03836220815311583,0.0012589976762134017,0.24698179458919223,1.5540409762148268e-05,0.003048614278026834,0.14148429544040816,3.805758164092077,0.00022097152759301524,0.048732483636141126,0.000148604455287099,0.03277283849380932,0.0007218340312315298,0.15919139220410686,1.3032342529801289e-05,0.002874118788027071,0.1980603936397572,3.429456895258154,0.00032447052403226863,0.04121383889907041,0.0002372400074383607,0.030133928116091318,0.0010380340484991998,0.13184978257791224,2.343324614523909e-05,0.0029764615272606402,3,26,15000
725.8333333333334,0.16717831948688988,3.6738025478155225,0.00028822339378468964,0.042152758720613005,0.00019069293233905547,0.02788889916624587,0.0009757851154704007,0.14270886896264914,1.4081602742336981e-05,0.0020594386701333193,0.1329583987153433,4.465227917537192,0.00029833909610541047,0.05829070746403036,0.00020561813122745725,0.040174507777034706,0.0012642731383875568,0.24701883402617228,1.4978818082231535e-05,0.002926622472167677,0.14105967110838927,3.7559996282793584,0.00022126648741813362,0.04929977739393162,0.00015053864892166968,0.0335411022591816,0.0007325293805125496,0.16321285620419573,1.1845643996215527e-05,0.002639295353379068,0.19584625046262555,3.46918283363187,0.0003285870069272759,0.04227271446428901,0.00023525860104584316,0.03026601617720107,0.0010734794974023249,0.13810312434843286,1.998946909705915e-05,0.002571644957403112,3,27,15600
723.6666666666666,0.16641837376385063,3.666240807084869,0.0002781508528555809,0.04120471466409338,0.00018055326735198838,0.02674680227125242,0.0009647693337168251,0.14291901212724126,1.3997869094596198e-05,0.0020736165143007395,0.20276305799723693,3.372950186621748,0.0004404203251646173,0.05436728893826106,0.0003640067460734782,0.04493448373858772,0.0009725831208728098,0.12005964422555619,4.0096858659304795e-05,0.004949720473123553,0.1425442533705235,3.7618542213928534,0.00021396665727789767,0.047731487699198896,0.0001434931214659025,0.03201031529540505,0.0007195171625334271,0.16050923554982507,1.1018318735903575e-05,0.002457956542853188,0.1965189929390426,3.519706326904921,0.000315039239995315,0.04104522078754438,0.00023076440309899467,0.03006538447478791,0.0010949634899568303,0.14265847708446283,1.89343875949431e-05,0.0024668867259930484,3,28,16200
964.75,0.18986747637258505,3.4158113691017222,0.00042539724965985664,0.05023961681367211,0.00030864872044012777,0.036451560176613704,0.000576489023397145,0.06808362690618902,2.7637921031546057e-05,0.003264051573585981,0.12786811901732947,4.904421159366132,0.0003683098556272401,0.07116524360533755,0.00026034726362234305,0.05030459042730209,0.0008354686784328701,0.16143019557282584,1.9478226883590412e-05,0.0037636048560526912,0.15083786036413746,3.505228919795305,0.0002864509299223935,0.05483630711983008,0.00020159998883076256,0.038592993591862586,0.00043574791420246666,0.08341675293742462,1.68193388352716e-05,0.0032197850786287027,0.27042588690326363,3.130685206284544,0.0007648586640468619,0.05206399190259721,0.0005712040351415207,0.03888190545294903,0.0009454131764279647,0.06435435234755803,9.268603557157055e-05,0.006309146032222272,3,29,16800
966.75,0.19047801373273382,3.4138102423460452,0.0004266369360511126,0.050220711942424646,0.0003003312630281606,0.03535289276040283,0.0005864951589684827,0.06903810229561091,2.3173167865314324e-05,0.0027277830159974197,0.1283236121993248,4.875653874429692,0.0003703280954152457,0.07125267859504653,0.0002624602481898742,0.05049845242576041,0.0008508806001997016,0.16371299579851886,1.934435049553413e-05,0.00372193415933702,0.15208197712649052,3.500389602403338,0.0002853811967010169,0.05366512308576721,0.00020071962268761672,0.03774475467122225,0.0004373853691103462,0.08224907576448191,1.4987383914617508e-05,0.0028183349562242908,0.27604877551060353,3.1354559121627794,0.000757864089441883,0.049126063337005844,0.0005760345923426968,0.03733956030107392,0.0010380797400994933,0.06729012730837536,9.400833410176042e-05,0.006093783093338718,3,30,17400
972.8333333333334,0.1900528056733729,3.4190298759909794,0.00042278416464816576,0.050048379179292904,0.000305560728862869,0.03617169350029091,0.0005778236260148199,0.06840165349525257,2.5581736896859648e-05,0.003028316988514471,0.1268354909849092,4.940985933327457,0.0003698890015291875,0.07230104713330922,0.0002589445405862264,0.05061508008196488,0.0008290254213312383,0.1620470081959213,1.9988712087366183e-05,0.003907131081995069,0.1530842205754985,3.488602604667085,0.0002802856016522629,0.05239792395078917,0.0001992917901843429,0.03725655547248309,0.0004274122802722528,0.0799024852697355,1.7469969086874256e-05,0.0032659191419056773,0.2790861543571948,3.113015737541459,0.0007766196941319031,0.04968122326323107,0.0006173353763569403,0.03949162877637618,0.0010344295711368513,0.06617360705896518,0.00010014933723051373,0.00640666418867394,3,31,18000
977.25,0.19011251166255816,3.4199405362224735,0.00042768510784796886,0.05035985567790421,0.000296594281051727,0.034923930982339126,0.0005803382285370723,0.06833473716341452,2.6146553201705727e-05,0.003078752618575185,0.12737656299658087,4.939330697481604,0.00037879779444067205,0.07285862019297576,0.0002677679771248305,0.05150295390179473,0.0008560265234007036,0.16464961586077467,2.0496742056573078e-05,0.003942378669068898,0.15521277754467142,3.447418527041042,0.0002789182955258162,0.05084454324268174,0.00020022517898750125,0.036499426300134634,0.00042054811612161295,0.0766625109172681,1.58463770580261e-05,0.0028886660233160416,0.2807054372050908,3.1131039779022607,0.0007743965170304769,0.048754746972796616,0.0006159197474260344,0.038777306949229595,0.0009460736417846122,0.05956325991717456,8.953750616163612e-05,0.005637135965209906,3,32,18600
980.0,0.18894961389049217,3.419597515106329,0.00042457999072623045,0.05057627275395672,0.00030500853779832785,0.03633283559497878,0.0005802073564656045,0.06911471608509719,2.5850088364880674e-05,0.003079281050479606,0.13073903199219974,4.695584301559352,0.0003647851930719629,0.06980699200452808,0.00025755887452212124,0.049287664729621,0.0008090146071917818,0.15481679982729474,2.000280243010012e-05,0.003827829352247563,0.1552239302403923,3.4516401979827225,0.000276837611369332,0.05037127241467786,0.00019668238323410065,0.03578683494648323,0.0004225335901948887,0.07688100786155094,1.7530342350732164e-05,0.003189688155823741,0.2808517560245795,3.117621881986476,0.0007538251036450658,0.04721580171437163,0.0006071103264612625,0.038026328195139604,0.0010291031558108635,0.06445783022274901,8.912094542782148e-05,0.0055820864383134515,3,33,19200
976.6666666666666,0.18835113019415076,3.4105434136046253,0.0004193976740930752,0.05043100945430929,0.0002944366108492755,0.03540490666178391,0.0005706196742021615,0.0686148921706174,2.5141811631851485e-05,0.0030232092794653404,0.14382990293376094,4.110914038748004,0.0003420648240922276,0.06215620162075008,0.0002497664370621725,0.04538476898737488,0.0007372315985961019,0.1339614969330265,2.0749087995927406e-05,0.0037702926640999015,0.1545155950249974,3.420732484426402,0.00027033799145010447,0.04988819172275482,0.00019352438707032204,0.03571300383421972,0.00040765363025217045,0.07522842924669301,1.7010951083646946e-05,0.0031392020947378194,0.27903989855357986,3.0984680246444167,0.0007768371287415557,0.04966794241896165,0.0006223973926086058,0.03979366679843716,0.0009608442264132277,0.061432640054670785,8.163986469748951e-05,0.005219735191410682,3,34,19800
730.8333333333334,0.1686796290601563,3.614434176948125,0.0002872421314415406,0.04151733002642236,0.000193943118079904,0.0280321009987893,0.0009509316995154993,0.13744552375808655,1.609940430495653e-05,0.002326971598502146,0.13155400566411557,4.502900390946126,0.0002927159557576673,0.057929075610875166,0.00020490522713288126,0.0405511560342515,0.001295510193118888,0.25638406945596703,1.497844924540623e-05,0.0029642651922573426,0.14597774950548473,3.545655377210178,0.0002487712696608879,0.05021622706831941,0.0001750418163484486,0.03533341936223885,0.0006734795442082924,0.13594657358919698,1.3836230935452193e-05,0.002792940339820963,0.20647962356628247,3.3471557894104462,0.00033061352449227665,0.038002011404843966,0.00024226946393698042,0.027847399605679588,0.00098591492635135,0.11332491716104963,2.3112837608926796e-05,0.0026566799400042727,3,35,20400
724.3333333333334,0.16811876363293213,3.6340386347927702,0.0002907601118481022,0.042140285544290466,0.0001953648539642175,0.0283145121902816,0.0009665712939889325,0.14008658226437465,1.3930071226851459e-05,0.0020189054661613704,0.18819604012945,3.370671318450344,0.0003833272007295324,0.052117939112267836,0.00031707624378739,0.04311032542487829,0.0010102792501917104,0.13735960387802088,4.994766404511805e-05,0.006790985112846748,0.144762189311576,3.554432665895966,0.0002424729551287314,0.049553013943709374,0.0001683258715453709,0.03439993650156342,0.0006701889688889605,0.13696324731409076,1.3608826481976335e-05,0.0027811694218057054,0.20365462756069766,3.3721268372963524,0.00032789986703230716,0.03813377430830305,0.00023801968230269718,0.027680977513085587,0.0009879263800951195,0.11489288468681885,2.0888707034295982e-05,0.002429294183152632,3,36,21000
722.3333333333334,0.1666277700053819,3.6336602526477693,0.000285947962927599,0.042195127810355795,0.00019035839708524994,0.028089715389300763,0.0009502227894564068,0.14021702284194187,1.7317115263306007e-05,0.002555352674524456,0.13046156176029342,4.503353178877965,0.00029281090859153947,0.058904979949890045,0.00019745998740975572,0.039723166924435005,0.0012696461130257235,0.2554156168258173,1.653140755831151e-05,0.003325635084600591,0.14375835398783487,3.5574152723707773,0.00023375508626704276,0.048838868887276655,0.00016235402596535473,0.03392091746138578,0.0006587470936846326,0.1376332102634309,1.4434438304535071e-05,0.0030158130506359173,0.20329994007000432,3.3697435724226743,0.0003274371752435037,0.038847493805835465,0.00023685901111481172,0.02810120433117044,0.0009557046502374005,0.11338581348527606,2.184037923102098e-05,0.0025911657595483056,3,37,21600
723.4166666666666,0.16543228766344234,3.6704791610955727,0.0002836739082678998,0.04213927296170673,0.00018817456379840119,0.0279530089910924,0.0009860498051288628,0.1464760088295536,1.5639806332792593e-05,0.0023232664299297273,0.1507175146420179,3.8676312524414276,0.0002712778553488447,0.04862068933916715,0.00019115798803784621,0.034260935671054336,0.0011240868799108593,0.20146826547304586,1.6678311195616607e-05,0.002989226622649507,0.14222831367443506,3.593397445817635,0.00022776390475039556,0.04793326808860387,0.000160161028511109,0.03370613761378353,0.0006924432264490398,0.14572575424492068,1.326501057552379e-05,0.00279164211208775,0.20035710861251443,3.396485397510191,0.0003175015156210291,0.038057831109326916,0.00023122895223290168,0.02771663119293638,0.0009978310242873666,0.11960662462884969,2.0046774729496624e-05,0.0024029389763686963,3,38,22200
723.75,0.16437749207491742,3.689462311597416,0.0002812878022197089,0.042184740776543446,0.00018809063989247088,0.028207959334690683,0.0009720984235224309,0.14578563194699032,1.4287513276827247e-05,0.0021426988272090454,0.1453639378477423,4.024479314926323,0.00027236142739836376,0.050452542930474194,0.0001913386119905,0.035443783754255796,0.0011618742049349826,0.21522690920015697,1.5319127660567417e-05,0.002837732763170397,0.1413410892694812,3.6146663337532234,0.0002310100351556548,0.04905021326261341,0.00016379937542640734,0.034779416796913494,0.0006877013052806177,0.14601917904676012,1.3068938340059076e-05,0.0027749193331099795,0.19981542855865642,3.408019877913131,0.00031817498206448524,0.038481534118431214,0.00023123707186225608,0.027966866573155294,0.0010039511604372302,0.12142243423077785,2.0559060793878084e-05,0.002486506620505373,3,39,22800
725.6666666666666,0.16352274183185245,3.7171385587632564,0.00029305917619980537,0.04410844602917412,0.00019029692828424158,0.028641661727119336,0.0010057673467810263,0.15137841888680642,1.5447798293314038e-05,0.002325053888862542,0.13864833983819025,4.245528908435647,0.00029078853312442855,0.055380707774658706,0.00019771237826055754,0.037654343953086505,0.0012502830138120934,0.23811653602557506,1.420135345717155e-05,0.0027046493111876633,0.14125285733903797,3.629714634516623,0.00023621561880385415,0.050231330083631294,0.00016265553220946532,0.03458875314729639,0.0007066613811791539,0.1502717782808429,1.3161132003404923e-05,0.002798719107927548,0.20204314179388314,3.4191285963482594,0.00032429588547533395,0.038977420397635014,0.00023962094628991428,0.02880026166823352,0.0010171613838974606,0.12225356117084332,2.1233984513228806e-05,0.002552132105764695,3,40,23400
960.0,0.1950231976738135,3.3810687502064396,0.00043472317109181154,0.0490431464551247,0.0003107511994458852,0.0350572907058399,0.0005775984737439369,0.06516157505231716,2.7711042049956202e-05,0.003126211768898554,0.1294193287068839,4.826581817901673,0.0003631577603781717,0.06938381211749345,0.0002562606160266184,0.04896037032772919,0.0008429478521858596,0.16105104112329413,1.984454716828534e-05,0.003791438549591318,0.1561967414358874,3.451063716747685,0.00029241928434851764,0.052441578269573255,0.00020930192870750956,0.03753556644097965,0.0004313283810621858,0.07735310995564168,1.8346922156736978e-05,0.0032902807912680923,0.2850462440257363,3.116044951678647,0.0008184011525303706,0.05017840486617077,0.0006240600419124375,0.03826282178008018,0.0010285022219691734,0.06306027397463893,0.00010383400447763447,0.006366345769975174,3,41,24000
961.4166666666666,0.19437339715551502,3.3892471475927,0.0004296533655791864,0.04872994380940255,0.0002964771212553403,0.03362550981084652,0.0005766842654113903,0.06540572959641902,2.6623239602910547e-05,0.003019524746711163,0.12735275780353197,4.942415858793702,0.0003764738978019682,0.0719660954005176,0.00025810730529696505,0.04933934348442576,0.0008593239871454843,0.1642668785271141,2.0659008700685666e-05,0.003949140165397929,0.1552480374020473,3.461231983760638,0.00029203389258542465,0.052804650430704085,0.00020513783431240192,0.03709237833690647,0.0004313078324478786,0.07798772642039431,1.940890632364454e-05,0.003509457428344683,0.28488101124363213,3.1015139292670186,0.0008303596895922704,0.05108615105893124,0.0006153966366715556,0.0378609967899554,0.0010002822121628508,0.06154028047436298,0.00011710967936051799,0.007204929195457558,3,42,24600
962.3333333333334,0.1920946884812795,3.392224276465856,0.00042638612306964465,0.04950078132590986,0.00029910098410597873,0.03472376704477357,0.0005663328743222547,0.06574773017395068,2.4992614967242203e-05,0.002901487410869713,0.12722813939713082,4.871387587492638,0.0003683613678465499,0.07182241512014252,0.0002584675691202918,0.05039552641737645,0.0008306317715630096,0.1619550395795845,2.18665066077959e-05,0.004263490832368419,0.15591113724496,3.4241386223096,0.0002854567630047461,0.0516243932812581,0.00020252471822854097,0.03662626729510118,0.0004158517336419623,0.07520611254135434,1.798818018199594e-05,0.003253133253367872,0.2840380768543126,3.090025203316728,0.0008303853771077236,0.05124847584485507,0.0006172806672907188,0.0380963998635546,0.000983346327749205,0.06068868975066797,9.69643247223674e-05,0.0059842983635564175,3,43,25200
960.6666666666666,0.1903928044257076,3.412707864369622,0.00042433862893657753,0.05017165836324596,0.00029340762238628496,0.03469103679867231,0.0005584681622250091,0.06603045759025346,2.4357627198060937e-05,0.002879922936507091,0.12945036616566594,4.7175525763958674,0.0003686504519659489,0.07246349783227628,0.00025965745992731905,0.05103937262042363,0.0008164626744830699,0.16048736934141394,1.8613094651086203e-05,0.0036586689008739365,0.15585658764147792,3.4280420016782984,0.0002797072560754161,0.05077921533911652,0.00020242093163804446,0.036748335459775947,0.00040781057590870315,0.07403562332345673,1.794261046919012e-05,0.0032573759206133467,0.28423383351904297,3.096085127643814,0.0008312244699915871,0.051652651030432324,0.0005829917543184674,0.03622736183372478,0.0010024168598146087,0.06229062078447935,0.00010203559656072036,0.006340536464098815,3,44,25800
959.8333333333334,0.18972270002352834,3.4124581664959552,0.0004240098008676527,0.05041244838597059,0.00029260521923390873,0.03478916167010791,0.0005560290602216772,0.06610881692396152,2.3213161733832777e-05,0.0027599180853541167,0.39591969933165816,2.982106263076067,0.00348944028149075,0.11065163782273625,0.003114181890346488,0.09875203438000353,0.005785912412199982,0.18347374738143196,0.00038299723757877246,0.012145005559908774,0.15561564185824203,3.428400965594442,0.00028067818077820103,0.05105987261826535,0.00019994501444990556,0.03637321198307517,0.00040775682263280964,0.07417752019460457,1.9662855378745823e-05,0.003576989448080782,0.2830044998606642,3.102475111845383,0.0008418878124317017,0.05273702231591316,0.0006058093424012421,0.037948738938413856,0.0009874250647294242,0.06185367801384123,8.618385441626671e-05,0.005398676387170991,3,45,26400
956.8333333333334,0.18879135568282565,3.4225727172992193,0.0004134206602769198,0.04951894781859006,0.00029207113139367657,0.03498387116191123,0.0005816246326714775,0.06966618411371497,2.303633233792681e-05,0.0027592596320885434,0.3870851574907076,3.01071635006663,0.0033172881755878557,0.10956723899064033,0.0031037243984316947,0.10251340701317992,0.005395226543295877,0.1781997959743699,0.0003829127395919345,0.012647285804163076,0.15522157388775515,3.452094767033847,0.0002757168026094466,0.05029878961152856,0.0002003951881268492,0.03655792940930371,0.00042097674329813093,0.07679844116172001,1.7166457423031352e-05,0.0031316627137860666,0.27814420930834993,3.1299353057437096,0.0007996926377387805,0.051909660505387714,0.0005726627912955937,0.03717269570503686,0.0009269375962422425,0.06016938716188654,8.2978644796817e-05,0.005386311036674739,3,46,27000
718.5,0.16873345557662006,3.627359855019114,0.0002839486348831593,0.040926674173867285,0.00019799882084833425,0.028538377129385183,0.0009544653854575832,0.1375709865868207,1.5649282826850216e-05,0.0022555949232604725,0.13127467827759567,4.484580116334944,0.00028669347856716265,0.057030956138578795,0.0002032567964656233,0.04043318146625857,0.0012838191944052877,0.2553857748418967,1.4283640624063915e-05,0.0028413959257164467,0.14850204318173427,3.5305658754127003,0.0002455908178268725,0.049142143404382985,0.00017616360147448015,0.035249921161116894,0.0006636534292822145,0.13279548592727794,1.4484207801883372e-05,0.0028982558191601583,0.20564196761745507,3.360932076458892,0.00032385717459146085,0.03809302435356765,0.0002405722664740384,0.028296810830727673,0.0009739378021581477,0.11455740161777073,2.1696789780021713e-05,0.0025520396221797863,3,47,27600
718.25,0.16746245286188782,3.639948652719614,0.00027909814763466223,0.0408171252444227,0.00019494190174172677,0.028509569433594478,0.0009769829673501103,0.14288033252086205,1.4953304156232387e-05,0.002186868288935509,0.14214249747530242,4.27171647361826,0.00028964492801986905,0.05701822966038267,0.00020635712295826583,0.040622557796292896,0.0012949469994547977,0.25491758449805174,1.5274947637148138e-05,0.0030069591702482244,0.1463102129784886,3.562026009017554,0.0002365201118146676,0.048442397750058215,0.00016830160299175179,0.03447035912314849,0.0006833059603972987,0.13994995547984831,1.4717744736015798e-05,0.0030143857070580376,0.2064450783768139,3.3728994003156147,0.0003263695031003763,0.03865325710209414,0.00024642159478414536,0.029184703742892844,0.0009951188898925285,0.1178559452791043,2.2863955225603404e-05,0.0027078704698527273,3,48,28200
714.9166666666666,0.16550452430508605,3.668795645616009,0.00027825428527151504,0.04159695256647107,0.0009632170986083033,0.14399381458915175,0.0009739559553507026,0.14559919405022934,1.6074534675636165e-05,0.002403023751379336,0.1319191852634052,4.462314297742975,0.0002902136183587513,0.057674066744587325,0.0012967823949745674,0.25770918271835025,0.0012733585898188045,0.25305417683128784,1.4571348742836714e-05,0.0028957598361706296,0.14566138015147928,3.5430065160154065,0.00023292080455432248,0.04857424634632566,0.0006855364255566112,0.14296453800287376,0.0006747317287033557,0.14071128283465628,1.3890459377683688e-05,0.00289677256167075,0.20376614990686673,3.3672213716719237,0.000323342500462737,0.039201131883957296,0.0010286950804822457,0.12471608730881907,0.00099822147765069,0.12102155373568979,2.1899873782790722e-05,0.00265507886891638,3,49,28800
721.25,0.16473491288741848,3.6961917780832505,0.00028847756919985027,0.043080038470770125,0.00019110186087454371,0.028538355828309495,0.0009936780315306039,0.1483917378555052,1.490949348781259e-05,0.002226521648862384,0.13198788394634048,4.50306256065302,0.00029786196447619104,0.058511991838490006,0.00020370267625707976,0.040015345200563684,0.0012904782469300607,0.25350149283043555,1.544072696981751e-05,0.0030331757598762877,0.14425199578775696,3.5885940462052117,0.0002379961106514044,0.04972235529022702,0.00016262899714710518,0.03397659211534667,0.0006854317825987276,0.1432010066395867,1.4154547839855236e-05,0.002957180496519363,0.20402385931459627,3.388032587872015,0.00032418204447069336,0.0390689833058471,0.0002396130227147511,0.028877099592579267,0.0010016536508208524,0.1207148589184076,2.2041908949260637e-05,0.002656393182335907,3,50,29400
718.4166666666666,0.16547005674790732,3.6799088648436813,0.0002776954700952774,0.04111361726713094,0.0001901903743650689,0.028158234834925296,0.0009851261956751397,0.1458507816311017,1.3757670207472914e-05,0.002036862852690339,0.13185237531281088,4.495808104568202,0.0002861456633700125,0.05647224356465131,0.0002048640630034763,0.040430922933878045,0.0012881528679358509,0.2542232569588577,1.4442988601449338e-05,0.002850394307908305,0.14417872590525185,3.5815603427426215,0.00023513926333838825,0.04860777635476133,0.00016653565866033945,0.03442610109569521,0.0006811622789000274,0.1408092516919384,1.3810997453238164e-05,0.002854996932082251,0.1999163138530694,3.3990767187304205,0.0003145830578827844,0.03812781937171535,0.0002387345631313823,0.028934896755470986,0.000998002808625813,0.12095905951148803,1.9789107202658774e-05,0.002398461983390161,3,51,30000
718.1666666666666,0.16599322759406554,3.685374837113555,0.00029266740980939105,0.04297606469008966,0.0001933297787527504,0.028389061438751008,0.0010002112598533047,0.14687369473494552,1.5367304564370066e-05,0.002256576075555531,0.13973604648119334,4.247808398728578,0.00029250442679465,0.054785985483699805,0.0002009024027861624,0.03762895571631882,0.0012323007332642089,0.23080953277866906,1.6510184685022368e-05,0.0030923523052246073,0.14413201639616113,3.5839872979628358,0.00023844144243704597,0.049411513247113514,0.00016444949862457717,0.034078382082908434,0.000694416518524108,0.14390187650843295,1.4115188973179791e-05,0.0029250487658743613,0.19859924784699792,3.41893672102383,0.0003270844760528656,0.03957566773768212,0.0002369630639105058,0.02867140500397695,0.0010218295954754215,0.12363652669510762,2.176848923171582e-05,0.002633883782507778,3,52,30600
945.1666666666666,0.19670206843827429,3.386729935479613,0.0014256036763897388,0.15820057185988295,0.0006312269798595864,0.07004784768798043,0.0005815096593012672,0.06453067017649586,2.5871841287032663e-05,0.0028710223987650184,0.13459820592405547,4.624266537579207,0.002278227186038479,0.42253181048544336,0.0008596356870511559,0.15943248567725943,0.0008230471005247888,0.1526465769659462,1.930387277996907e-05,0.003580196200399145,0.15620782495565724,3.4591640772951826,0.001071301700148052,0.19193426116074738,0.00046763790062151673,0.08378194017068184,0.0004373381476471059,0.07835344071091901,1.73205407713687e-05,0.003103145636189905,0.2827996783067955,3.1144568281754768,0.0016173679085709075,0.10091312037157495,0.0010390941363826543,0.06483264018440452,0.0009819186470242471,0.061265265680834236,0.00010820756095847982,0.00675144014311873,3,53,31200
954.3333333333334,0.19572633105887832,3.3898379781737793,0.0004465579132386712,0.04990359875250372,0.0006287387122446637,0.07026260981126974,0.0005925784565043934,0.06622164034291343,2.714374891777004e-05,0.00303335964826387,0.1299115762705894,4.89371246030963,0.00038285476854590993,0.071172979378694,0.0009187914588111956,0.1708039991238814,0.0008824628821851212,0.16405049035896482,2.018098740102168e-05,0.0037516602067929087,0.157805928998619,3.4576531310479623,0.0002998629541021286,0.05271231554288808,0.0004672646257504307,0.08213952426479935,0.00044291552678889495,0.07785924432328867,1.8927258212799734e-05,0.003327185281230234,0.2843950904625519,3.139870758145763,0.0008559959889180047,0.05252420740982242,0.0008814658390733672,0.0540870461492286,0.0010075402181739725,0.06182301328304082,9.831697657353761e-05,0.006032763396453018,3,54,31800
954.0,0.19238943621502783,3.396526068439675,0.0004254823819736926,0.04937024948909449,0.0006018255416000776,0.06983197988099621,0.0005638530047941816,0.06542589000450205,2.4905963690789372e-05,0.0028899284512716355,0.12720863808924446,4.917335103586358,0.00036699076639199585,0.07105388443890233,0.0008773639253855496,0.1698683473104576,0.000841441440868774,0.16291331656484234,1.9085153772664176e-05,0.003695118337699783,0.1567628397373529,3.4328438221352875,0.00029112313055134796,0.05226604417449873,0.0004390222234323327,0.07881872828189368,0.00041654659043860817,0.07478362318847469,1.734112833275705e-05,0.0031132949750815844,0.2839461066056946,3.0983648788943308,0.0008176416421243162,0.051226754514950276,0.0008346024280460868,0.05228937898517395,0.0009607379414033661,0.060192001167653435,9.609233742800383e-05,0.006020361887883998,3,55,32400
955.6,0.19220507683884322,3.381962996733536,0.0004258398397450784,0.04962386230798168,0.0005863374977782328,0.06832693548159222,0.0005544266408972929,0.06460830744308499,2.3117820822576618e-05,0.002693960147192622,0.1269654817713622,4.819572652792899,0.00037114332293213773,0.07345361843023629,0.0008260798501820103,0.16349089518517623,0.0007990782411375732,0.1581469599310449,1.9119420369159096e-05,0.0037839576293826733,0.15720328811869047,3.4067507928095475,0.0002884929349308403,0.05176058773326477,0.0004254312767050231,0.07632967832520447,0.00041247716945272335,0.07400548898205983,1.6764034313617005e-05,0.003007755697939187,0.28560498375992865,3.102055530426766,0.0008691399668071672,0.05334833048549873,0.0008460575239263364,0.05193151634940181,0.0010047869585197804,0.06167442388772947,9.232878964151727e-05,0.005667196275895775,3,56,33000
956.4166666666666,0.18941716176613285,3.4203418746141576,0.00042112371866812786,0.05002030063596915,0.0002998902706179814,0.03562041468848018,0.0005690792074027643,0.06759418142011123,2.3228432471503638e-05,0.002759030479692751,0.12783398005898156,4.906727971880487,0.0003705940612062124,0.07110721297365118,0.0002691024533105883,0.05163365380709792,0.0008497867471688114,0.16305163395345312,1.955591321522703e-05,0.0037522632752488303,0.1562294100179932,3.4535168813948944,0.0002833769575774308,0.05082170086989743,0.00020312467188889587,0.0364290075039457,0.00042396935619152116,0.07603597689300816,1.642149887046581e-05,0.0029450824462399407,0.2825279466860827,3.110504216595686,0.0008449118103613227,0.05299034854530269,0.0006072095358003349,0.03808237090251014,0.0009640283645752259,0.06046098352507752,8.740883443130706e-05,0.005482021372707333,3,57,33600
951.1666666666666,0.18927424788357156,3.430466765586895,0.0014549320411074047,0.1727655348517947,0.0006249942776261005,0.07421478639730726,0.0005898415110095269,0.07004058007395891,2.351724670491546e-05,0.0027925494733924776,0.30178469637708816,4.281888015468871,0.0030590206571589557,0.10154980988962833,0.0024572538693059254,0.08157305596959355,0.0034941648876322764,0.1159952219451894,0.00023713849022778314,0.007872247787470081,0.15602164886924544,3.4697184681535864,0.001059022951636087,0.19036147895078062,0.0004504213582385058,0.0809641337544545,0.00042769890552855227,0.07687972774930278,1.5406628543888962e-05,0.002769372080868579,0.27934635401610647,3.120162241384849,0.001485093743422565,0.0947285350417624,0.0008479027437131967,0.054084521684627296,0.0009389489842799364,0.05989201836835219,8.167036296476254e-05,0.005209444773601496,3,58,34200
926.8333333333334,0.16954036470853417,3.627089123111567,0.001455091469354232,0.20811691608957605,0.0006088907976231882,0.08708763518000588,0.00020883311435464897,0.02986870904834565,1.967849214640974e-05,0.0028145495902201136,0.23380116857216549,4.337133699422563,0.001545406422069461,0.13339531040736458,0.0008814309939562243,0.07608274390630017,0.000539013207572579,0.046526164969296124,6.514116261173065e-05,0.005622809302974319,0.1511296641275013,3.50775526352451,0.0010338160151614744,0.20072949231678938,0.00045246036482250523,0.08785135652024606,0.0001908362039959367,0.03705345417558118,2.0123724741546656e-05,0.003907295874365562,0.20837236030013523,3.3561401134213678,0.0015200203455786932,0.17578519470136877,0.0006487363998962189,0.07502416312868884,0.0002572465569700206,0.029749691334569527,2.5930125158856627e-05,0.002998730979449573,3,59,34800
718.9166666666666,0.1647192470872863,3.6857556192856835,0.0002792034588103981,0.042104768937898246,0.00018664470326643838,0.028146614436652166,0.000995625941705029,0.1501435562534886,1.5868458578990517e-05,0.002393013985986201,0.1322575133115097,4.467785574864013,0.000292494215452047,0.05760097873909773,0.00020091128114885573,0.039565522401920496,0.0012898638333867921,0.25401329434299325,1.63438429283553e-05,0.0032185981783482065,0.15152077382582457,3.555481838657447,0.0002527794735259066,0.05028559085595027,0.00017531298274908833,0.034875129690280914,0.0006677935619116413,0.1328446228727703,1.5255138772326003e-05,0.003034715026721937,0.21079553799187667,3.375430446235743,0.00033258600616915314,0.03908505357419265,0.00024409092230824405,0.028685232085620637,0.001011902281701268,0.11891737523083458,2.2568739805251488e-05,0.002652247502986138,3,60,35400
709.9166666666666,0.16379502899614837,3.715551344779435,0.00028009786283437696,0.04237330429558808,0.0010009598560381924,0.15142556297423065,0.0010126267129887553,0.1531905292425796,1.4580787427514532e-05,0.00220578670712917,0.1323111784860691,4.501830311050733,0.00029425303166733614,0.057638046957348116,0.0013242735612851886,0.25939763909050406,0.0012987421949005927,0.254396575596877,1.5218521043392728e-05,0.002980991650451808,0.15104927189013198,3.594287491812787,0.00024609782226246637,0.04874787436242331,0.0006951760303341079,0.13770277800488992,0.0006836510096917215,0.13541986362094954,1.583134866793373e-05,0.0031359261482170934,0.20974864493936324,3.377010251459109,0.00033981076742824906,0.03987367265667558,0.0010578023237718093,0.12412338759234241,0.0010262172695313333,0.1204171715616982,2.5898611773176058e-05,0.003038964232715183,3,61,36000
713.0833333333334,0.1642756473318206,3.7064550995920635,0.00027681455956214294,0.041450480990819195,0.0010190694588175643,0.15259645048243592,0.0010322152698550846,0.15456491699439087,1.383123015871537e-05,0.002071101836840964,0.13333977362880267,4.454655257525946,0.00029117175891184673,0.0562250602304827,0.001349057814873524,0.2605021076876875,0.0013263095105526812,0.25610942624989746,1.4151585196948873e-05,0.0027326610692905515,0.1477044302732353,3.5628154190927153,0.0002366649543018196,0.04748689241103657,0.0007155207022410625,0.1435694385145787,0.0007044559680730524,0.14134929636238266,1.4010741416996609e-05,0.0028112593697302507,0.2069146381085724,3.3648917590742373,0.00032735149083581506,0.038268398791761124,0.0010623822215621711,0.12419575796100273,0.0010286528591501188,0.12025269147769274,2.2040882434926494e-05,0.002576647128102241,3,62,36600
716.0,0.16375830328136412,3.715365450382652,0.00028402337448121476,0.042671141658405035,0.000995045197948252,0.14949373330881896,0.0010186749426319543,0.15304382204567712,1.469643014975014e-05,0.0022079642351207967,0.13266002157292692,4.482902664537374,0.00029725694410470075,0.05801620636327143,0.0013158498524018074,0.25681693260337957,0.0013060089175960798,0.25489625853396075,1.551336671561108e-05,0.0030277734552939107,0.14740509421968293,3.5557087166203143,0.00024131093649699557,0.0490590445915025,0.0006866613479552607,0.13959976359802395,0.000681465544318349,0.1385434452810333,1.462835503410081e-05,0.0029739767800669773,0.20527886539857568,3.3929942288831394,0.0003314143938304406,0.03900197014352166,0.0010305779626426275,0.12128191073717703,0.0010094610263883044,0.11879679804247877,2.2585740376847204e-05,0.0026579665465520166,3,63,37200
715.8333333333334,0.1673006498527558,3.692019396775356,0.0002862767190006814,0.04144701166900106,0.0009926047346099827,0.14370885680713608,0.001020590678081218,0.1477606488273511,1.4104781858152981e-05,0.002042083828207454,0.13319668644158064,4.493133437675594,0.0002929922348919669,0.056531600939525826,0.001329272689504646,0.25647749077921783,0.0013121797373882946,0.2531794786381238,1.3419435312238677e-05,0.0025892227559716043,0.14773991174959056,3.590050076263511,0.0002429897716326969,0.04905196482973472,0.0007022061907416958,0.141753264510039,0.0006987771635144148,0.14106105215137626,1.2633805236110161e-05,0.0025503664863891946,0.20421273675833124,3.400657078896903,0.00033441648022991744,0.039487317091760024,0.001055376637341324,0.12461704010903008,0.001029040467939011,0.12150731097290479,2.0845768636725006e-05,0.0024614321507537553,3,64,37800
714.3333333333334,0.1946683984759875,3.3952421966668056,0.00033613433250139814,0.03797223614397992,0.000900520538941855,0.10172950291253557,0.0008804663018952791,0.09946402702629367,2.0280350101120717e-05,0.0022910192999078417,0.12833399436041606,4.910994864526622,0.00029036319327230514,0.055334040354690764,0.0015696994221577512,0.2991350597558547,0.0015434678745597026,0.29413615649611824,1.4308257474249506e-05,0.002726701299716501,0.1555115457878446,3.462580742163096,0.00023852080496207019,0.0430730475124014,0.0006930582564304318,0.12515525097627092,0.0006765051977896932,0.12216603298574186,1.1031457539568216e-05,0.001992105027519174,0.2824138754039196,3.1216297505163784,0.0007730874166179088,0.04813242027685719,0.0010330857143514254,0.06431991352635885,0.0010338069493103371,0.06436481761277196,5.6227168253263036e-05,0.0035007033294932118,3,65,38400
936.5,0.1939840904538881,3.396781083129237,0.0014146166700366454,0.16090679555794943,0.0006053652698663929,0.06885779574034798,0.0005778683941888264,0.06573013985529615,2.7431664141892278e-05,0.003120238342574777,0.12873249955321978,4.897927161658658,0.002379511783480463,0.44878675340514296,0.0008827519991987322,0.16649104515163712,0.0008548040831751901,0.16121994097651968,1.8145618120021235e-05,0.003422346172500358,0.159214003728531,3.4214419122159185,0.0010560379143941586,0.18491699433750997,0.00046347248854595015,0.08115611984368086,0.00043500204316368745,0.07617081664975286,1.722176757564676e-05,0.003015609055186968,0.29288059984391673,3.136207499022158,0.0018215727451553624,0.10609408231519057,0.001233467416789116,0.07184099235014003,0.001172507162576917,0.06829047687084064,0.00010419133358582582,0.006068428478293509,3,66,39000
940.5833333333334,0.191544615432359,3.4239102731982194,0.001440958401856744,0.16737431323862081,0.0006254792004832122,0.07265244540787734,0.0005928311087845781,0.06886021107302825,2.5575895815510623e-05,0.0029707644523725716,0.1287443397100079,4.90743672507746,0.002381139991665319,0.44998950289529727,0.0008929133294527148,0.16874338621644852,0.0008559225410170188,0.16175284111698024,2.0288971826130813e-05,0.0038342241020075806,0.1620464843761127,3.3996516930407514,0.0010445683760399527,0.17819434757115213,0.0004590756864481232,0.07831434907356725,0.00042819845365574006,0.07304695971117778,2.0488618393457526e-05,0.003495181427086233,0.2939992225866391,3.1463224857021674,0.001809403093580591,0.10541927409589735,0.0012535213293564862,0.07303254265083928,0.001155003627316885,0.06729271349311484,0.00011614131197227093,0.00676661427412146,3,67,39600
948.9166666666666,0.19604599452995972,3.39055180275884,0.0014399990691361466,0.1608732162330175,0.0006110649009343912,0.06826669408848865,0.000581158715895641,0.06492564736452815,2.47800565576005e-05,0.002768368037382644,0.3153336063888182,5.972002480511736,0.003681047199556958,0.09100420303254222,0.003377997927437406,0.08351210744296349,0.004692074673673432,0.11599919617934235,0.0003670033117008637,0.009073190883197744,0.16593071825727507,3.3771639024562052,0.001043976846672698,0.1726972941569806,0.00046469955244396644,0.07687177695444926,0.0004464862326385225,0.07385888346160914,2.411472938859466e-05,0.003989119613151501,0.3175898557619534,3.164331514746638,0.0018918018982372752,0.09545077697363674,0.0012513620800561045,0.06313741567126838,0.0013629145273297161,0.06876578922110896,0.00022803179143892775,0.01150533345368597,3,68,40200
951.8333333333334,0.1991684694499611,3.354613485056699,0.0013301323412456098,0.1456839920775635,0.0005887986238738375,0.0644887214571361,0.000558457045823242,0.061165531666709426,2.4863254968071266e-05,0.0027231713172231617,0.12820843476982244,4.912393024547247,0.002281862292855675,0.43466519764667033,0.0008957647805307345,0.17063158306851622,0.0008568683879659441,0.16322232431751654,2.0223232386643057e-05,0.0038522637101794325,0.16690920922851482,3.369125506980003,0.00098199924608343,0.16112344027378392,0.0004517115309030293,0.07411544984450047,0.0004345428771287403,0.07129846951379673,2.7064048435552102e-05,0.004440586496440136,0.33299045664541993,3.1942966891123294,0.0019133584410485072,0.09004351517432262,0.001202988964388903,0.056613205735845024,0.0014623568057458485,0.06881917386911197,0.00030780614076303804,0.014485496450606584,3,69,40800
947.0,0.2069545414749976,3.311511587974893,0.0013208533360510102,0.13558193685846043,0.0005935452713154997,0.060925778284159175,0.00056114094235955,0.057599563660224055,3.093615280293627e-05,0.0031755104079242034,0.48814845036049864,3.4753312167612807,0.0069119057409232545,0.12163163393979765,0.009473519231848833,0.16670939485004538,0.010129293197125501,0.17824931768486213,0.00100064942943714,0.01760883751390802,0.171030666060872,3.336736228597933,0.0009831432430958186,0.15578871902849728,0.0004783651838640673,0.07580166953835374,0.0004449239531604884,0.07050257753865492,3.560647574872927e-05,0.005642196378776474,0.3515326619555842,3.4488597173872386,0.002397082624883884,0.09671613044176945,0.002045988302999734,0.08255037583647841,0.0019269767016531205,0.07774856323292641,0.00047446877482005244,0.01914359707073744,3,70,41400
947.6666666666666,0.20781269818781015,3.468093739070897,0.0013173755023313872,0.1297933572765157,0.0006128310066932769,0.060378679929223814,0.0005790507786489095,0.05705051024663483,3.891294561817349e-05,0.0038338665356711056,0.5422128275781846,3.8118063962379747,0.008419982921253328,0.1153664456819257,0.008089729104671725,0.11084147106520296,0.010802882775770226,0.1480157621000963,0.0014963845058045397,0.020502721136455467,0.17880599347408607,3.346509847907354,0.000949428573817936,0.13989969637597705,0.0004595999712101112,0.06772273154592481,0.0004496526886088287,0.06625698482830779,3.382166823395587e-05,0.004983672545089001,0.35125759192436207,3.638373014123531,0.0025227526825543356,0.09983817716186948,0.0015298611531068228,0.06054440052454535,0.0017012629989589935,0.06732764486331809,0.00036453728656671096,0.014426597759675792,3,71,42000
714.0,0.171579097662149,3.5819879337396503,0.00028169380974321667,0.03965843801568997,0.0009467595464432449,0.13329013094966075,0.0009569277768700003,0.13472167158761914,1.4380055758734785e-05,0.0020245050840478466,0.17567462035321535,6.481165202927357,0.0004397084149918777,0.044006101208105525,0.0014357236597833986,0.14368749499703565,0.0014245395018266114,0.14256818235667396,4.335790764113622e-05,0.004339267584548677,0.15747551940707924,3.4163982172487755,0.00025787979208550334,0.0474132888700044,0.0006624738176684344,0.12180117810671143,0.0006481756003995546,0.11917233503136604,1.65095323960778e-05,0.003035411275437956,0.24673867803879881,3.2044928028375654,0.00048359087318140023,0.0425269097386249,0.001040189009019004,0.09147406733846164,0.0010115293329995753,0.08895373967553802,4.9687237770392826e-05,0.004369488327854491,3,72,42600
716.0,0.17030179098360415,3.626474951735802,0.00028214979770717385,0.03997992927442982,0.0009665746408551562,0.13696123865363313,0.0009749304217382866,0.13814523216153168,1.5090164422899717e-05,0.002138239017960169,0.17136241257213866,4.245655087054871,0.0003471892672968764,0.04695450797294146,0.0011721730100383186,0.15852680981191783,0.001166411162584012,0.15774756708261775,3.8741697971673365e-05,0.005239497696628807,0.15435243931687562,3.464505235547296,0.0002500976274598294,0.04738637150777792,0.0006712935327170575,0.12719098959548708,0.0006540335647625767,0.12392071765404396,1.4203465451133307e-05,0.002691151840988162,0.2376968065845278,3.236393284454107,0.0004405702595784358,0.04109368855614331,0.0009935819282642579,0.09267522132377318,0.0009833987309971356,0.09172539521113157,3.81500955790332e-05,0.0035584066605221765,3,73,43200
714.0833333333334,0.16688588949501146,3.642384278562844,0.00027488446796850453,0.04038965432850486,0.0009694222621898213,0.1424403144985635,0.0009778468855333664,0.14367817135969624,1.2930398024093153e-05,0.0018999047504675423,0.13205154089853438,4.470603605453703,0.0002919686754866638,0.0573975695957893,0.0013294351888557985,0.26135114888010447,0.001304305116823632,0.25641087555794334,1.3973111401360489e-05,0.002746947537411216,0.15256591181761803,3.4475096140312083,0.00024203697010141678,0.0467923015506548,0.0006554169867107603,0.12670985457610423,0.0006433998968925905,0.12438662564831897,1.5046611203330551e-05,0.0029089174618517617,0.23390297191022075,3.229317167326655,0.0004390942119856212,0.04209425505519662,0.0009665790196700609,0.09266217288768504,0.0009391908866264267,0.09003657904847008,3.7670881280166244e-05,0.003611360936848962,3,74,43800
714.6666666666666,0.1654175264606023,3.689315357862296,0.000276589280510692,0.04106604376478788,0.000990839401608026,0.14711291108311228,0.000996427213457847,0.14794255034299414,1.4042302224498158e-05,0.0020849029168624193,0.1323184243869839,4.515478777351438,0.0002950638770330782,0.057614379704183705,0.0013417317004420716,0.26198747345051493,0.001314312699339733,0.2566336200527218,1.5151271427783865e-05,0.0029584478920936467,0.15057344857617333,3.502101238234406,0.00024504084724143714,0.04828923673553409,0.0006788847599274741,0.1337851515669276,0.0006630771821908397,0.13067001434742728,1.3922916834113583e-05,0.0027437345023102384,0.23015346072584708,3.247090404126096,0.00041674960984848183,0.04111336389172475,0.0010231371894346445,0.10093497530969865,0.000983113580186509,0.09698654879077027,3.626698848601138e-05,0.003577826732518078,3,75,44400
718.3333333333334,0.1649644518450227,3.679083518245545,0.00027548875023493066,0.04117853778353983,0.00019329346593102107,0.028892440375021484,0.0010148648058755515,0.151696389483393,1.5086068519238104e-05,0.0022549822524322778,0.14292158290071033,4.109958596636635,0.0002804471608860463,0.05203119476888362,0.00019969417904378982,0.03704914213148919,0.0012290871685616354,0.22803181053186417,1.732409123938628e-05,0.0032141283321341224,0.15176834697749395,3.5641058046951315,0.0002393238003491562,0.04748208969030352,0.00016786437067697722,0.03330446488256549,0.0006722561145655224,0.13337630891739946,1.5449737528032902e-05,0.0030652439160980126,0.2291189137910894,3.271752260199802,0.0003946856372850547,0.03972877104485537,0.00031474240213448144,0.031681742762475,0.0009797796843907455,0.09862391503100829,3.475319973290888e-05,0.0034982319720635755,3,76,45000
715.4166666666666,0.1640294019864456,3.6893850440315084,0.0002739385897272898,0.04131638592863079,0.0009768792910534872,0.14733638599451526,0.0009915468975925223,0.14954860623343588,1.390867778614156e-05,0.002097755923111374,0.1948043391374183,3.336091213784763,0.00039787489088147405,0.05225781773784534,0.0010193075430126903,0.1338782341443008,0.0010357192725931681,0.1360337890507171,5.021114704555642e-05,0.006594849363079058,0.14829729064649266,3.5296165452916632,0.0002270518458153453,0.04611234090110194,0.0006830359629040894,0.1387189214694202,0.0006737858385650207,0.13684029817363066,1.224226683251778e-05,0.0024863025427347583,0.22313046956624885,3.2855712235038053,0.0003878770483380053,0.04021773341686294,0.0009862649565114208,0.10226266614467198,0.0009633388750978373,0.09988553392059331,3.369415221996358e-05,0.0034936391248105696,3,77,45600
950.0,0.24885360006801052,3.1648970432848773,0.0011677595501204995,0.08616787749933036,0.0006256408461240275,0.04616544885617051,0.0006278691906905628,0.04632987630325557,4.7977643063052804e-05,0.003540225100053462,0.8072907224997193,3.11170374036485,0.018108935097850838,0.13228550560027888,0.023884734618349467,0.17447763648409254,0.03496562840714994,0.2554234032800885,0.0033942457057455277,0.024794915155966893,0.20598360615147354,3.210074537691339,0.0010280663136676075,0.11872226703939624,0.0006601539612934345,0.07623533019012471,0.0006452491564977168,0.07451410638228054,6.658105321685238e-05,0.0076888557427542735,0.4776760747322271,3.2527417282621998,0.0046525852216569635,0.10352152287881117,0.004198782138722626,0.09342425781125561,0.005013731873934591,0.11155715245789703,0.0010113740622738317,0.022503399322888567,3,78,46200
950.3333333333334,0.2455767731791478,3.1622770986846707,0.0012207784832494058,0.09277086037991543,0.0006293481742848162,0.047826180103965055,0.0006209641331805533,0.047189050012490345,5.087950332695526e-05,0.003866496144968573,0.12955413117956593,4.934781882816227,0.0024592534345159907,0.45504268261229563,0.0009206927366374976,0.17035840505947603,0.0008900875469427629,0.164695439451667,2.0968458804544127e-05,0.0038798537843835745,0.21237581483555276,3.2132764578330417,0.0011039681101466046,0.12152017331920639,0.0006701539036096994,0.07376772731811856,0.0007110455271373432,0.07826890550679208,8.220371834375583e-05,0.009048640090962285,0.4869302182182435,3.220578439929118,0.004911049453933957,0.10817337836822236,0.003966878801921757,0.08737657513047993,0.005054925839844893,0.11134247590580243,0.0009650131730769467,0.021255891654267833,3,79,46800
952.5,0.2621624141569614,3.264263099347816,0.0006221698869824785,0.04088894488574013,0.0006731410605731311,0.04423876549152008,0.0006900021040167902,0.04534687163826334,0.00010046940026453972,0.006602839282441552,3.8028367859306242,259.81992478152074,0.015077845709460176,0.11295563892221244,0.01670702176337377,0.12516060676925161,0.017957163046990264,0.13452603669571234,0.0036497935837765637,0.027342418415318388,0.21411155425985398,3.1944331984304766,0.0006276994731094943,0.06840858665809997,0.0006712063167329748,0.07315009403501967,0.000664913417308306,0.07246427482683934,8.015201117347523e-05,0.008735208546567032,0.4970479518561808,3.203181803076879,0.0045859926348179,0.09738750440966464,0.003547530076377414,0.07533485735097387,0.004708237564422765,0.09998348080320842,0.0010107871874632103,0.021464936713797112,3,80,47400
951.5,0.2546571026079847,3.6325636601661846,0.0012340527933656135,0.0841714926879568,0.0006836593159146931,0.046630602369633276,0.0007215627399009781,0.04921589514807999,0.0001302275684085073,0.008882479648356109,0.18665640929301042,15.542593739254915,0.0025171567325943368,0.1946889290807981,0.0012587413347823215,0.09735706930173058,0.0013359358729745385,0.1033276637335043,0.00020682236979547357,0.015996630310712877,0.21950862105900876,3.199979450542683,0.00111518631595657,0.1165132850035165,0.0006847898929574957,0.07154599982447372,0.0007532023691902593,0.07869365060448448,9.526887544845876e-05,0.009953574105300515,0.5180773668772366,3.2095161618194745,0.005698871568629626,0.11237767909432163,0.0041078070661095915,0.08100302291382483,0.005807848731872553,0.11452663095821983,0.0013750025027518759,0.027114067784702822,3,81,48000
954.25,0.34953352887859934,7.5175080816782485,0.0021534619572459047,0.05541712131036269,0.0024818825745475323,0.0638686869990851,0.0031550545023032064,0.08119207191315024,0.001801496928408797,0.04635966448627446,0.8341647858466874,3.279776049679804,0.0192045056216428,0.12808861518073986,0.017097733774798902,0.11403704344645428,0.027181376735603877,0.18129208704262667,0.0040896371186800295,0.02727672169457627,0.21517617763587413,3.240723982897276,0.0006173752628326225,0.06674994019372675,0.000634948908979758,0.06864998365177673,0.0006867466396552408,0.0742502978089972,0.00010791149392279232,0.011667273049641016,0.4956694499532823,3.318509871610766,0.004866369480282906,0.10410007859335901,0.003215062081179063,0.06877575093492733,0.004760839181553913,0.10184260257634475,0.0013284515761213278,0.02841788196355002,3,82,48600
952.9166666666666,0.5881941118562006,8.292990095017142,0.010187545733043864,0.07461649908793391,0.010873810618499973,0.07964289941452338,0.012160226984648605,0.08906498085854485,0.012873938383026352,0.09429240729682495,0.9577184534475196,5.369161236967919,0.023235445215982656,0.09204028781055937,0.024051131922160462,0.09527138747325105,0.031200747495591034,0.12359245767425418,0.012239398713948886,0.048482728425843245,0.22150184143779433,3.394886466276478,0.000626705587378145,0.06034955888803199,0.0006837442591696007,0.06584218373692548,0.000719903371857461,0.06932417997956997,0.00014739402959366993,0.014193530180448673,0.4729303030985856,3.241266628378188,0.004028328301937024,0.09586979753298755,0.002851016644377996,0.0678510707104649,0.0038974400398460963,0.09275480038142271,0.001137913648085928,0.027081097387113263,3,83,49200
718.25,0.4730926903547182,3997.635674866206,0.005521285935582308,0.09408458843621607,0.005327979589271449,0.09079058261095035,0.0054864401298910966,0.09349080406687962,0.00162454411030901,0.02768278364825931,2.6710331807585543,634.3569625643842,0.20689218368658752,0.1740493520530669,0.21000492494642814,0.17666796523472683,0.2097452429660176,0.17644950613383215,0.03148971164103592,0.02649091816713001,0.2163241788116712,3.4537859947163443,0.000694436851055896,0.06774342331923565,0.000612526565899728,0.05975294425249764,0.0008727512965460351,0.08513828211223619,0.00023452761290463536,0.022878543004869606,0.31707373937324235,3.0823215304174103,0.0007929901761370595,0.0452887468292739,0.0006776746415776266,0.038702919908207616,0.0010638005184513857,0.06075509357718457,9.608076484698597e-05,0.005487303077971624,3,84,49800
718.3333333333334,0.5078243576577006,750.8077898164014,0.0036954218817685817,0.0576989371392053,0.003104480422963696,0.04847219789929606,0.0031223093758194842,0.048750572510638586,0.0020760467190123746,0.032414618133131935,0.6738253014200009,4.892676973394942,0.003000876955616184,0.030747064734406575,0.002778079054388847,0.028464271539935117,0.0032424920838824843,0.033222659735298726,0.00311836754908623,0.031950876465622856,0.23244837114578948,3.4033835589845967,0.0008913276675128679,0.07456357640688405,0.0008020732316927808,0.06709704060025452,0.000993287489246717,0.08309297500560349,0.0002683211598655467,0.022446274287709806,0.3123656388219428,3.1045075281595405,0.0006905305766014512,0.03863789350244026,0.0005888312839088033,0.0329474192881464,0.0010079858752194775,0.056400762281049094,0.00010153322285061991,0.0056811819554313725,3,85,50400
717.0833333333334,0.3757884484809178,4.182880287790108,0.001453105538367715,0.03811710874565238,0.0013029647745117522,0.03417869431397822,0.0015851221266153545,0.0415800992288611,0.001095868359703307,0.028746248868236172,0.5529503407389379,1032.9989395627292,0.003478130430648253,0.048151935800839415,0.0033738108781688585,0.04670771497763587,0.003781925402193168,0.052357734363638615,0.001121206465498933,0.015522207353255692,0.22775007660878277,3.463135545639906,0.0009101882943000295,0.07644431773484535,0.0008262770072319766,0.06939682972567128,0.0010348863494948279,0.08691737898153967,0.00023115377220182424,0.01941399655265127,0.2919005969949665,3.120712731981024,0.0006134270377633041,0.03890448595789458,0.0005457813033062138,0.0346142894646112,0.0009841284062924085,0.06241493675102977,7.16064841252021e-05,0.004541393327396918,3,86,51000
716.25,0.3068240051068585,3.7295718416643946,0.0007776610692617923,0.032842329582387815,0.0009340249293247902,0.039445917739164345,0.0009767465504935098,0.04125014533673317,0.0007519771975330801,0.03175764344647662,0.49331028606045924,3.408257027488381,0.0017515206139466606,0.03474873645237998,0.0017799049843796291,0.035311859146848014,0.0020449974271110312,0.0405710763976429,0.0007616241138701362,0.015109999504383088,0.20653471788677147,3.2944186655966536,0.0006207515467140554,0.06708774740600584,0.0008118085469558046,0.08773624009235914,0.0008030165993892089,0.08678605001925035,9.95230050018989e-05,0.010755952612599217,0.28376815136005573,3.1243351123036165,0.0006077311223507096,0.04095393871999734,0.0009372319801046298,0.06315842593540325,0.0009616820395917547,0.06480607273364991,6.246760478282928e-05,0.004209582764768565,3,87,51600
715.3333333333334,0.2796478270448196,3.6799342643401163,0.0006175741883105033,0.03188908554380803,0.0008974345133877779,0.046339964508037165,0.0008916234826608298,0.04603990589247829,0.000325023861157124,0.0167829451236831,0.4777928057959338,9.332451400921464,0.001861498212404159,0.040410628829955775,0.002199544488822077,0.04774915997258315,0.0023698888246183876,0.051447106971017065,0.0005017779065579575,0.010892925172781944,0.19775203450079115,3.325836638103868,0.0004884533871411572,0.05965926985134561,0.0007295945317160655,0.08911203851911478,0.0006934523037009847,0.08469765837365079,7.869059410186594e-05,0.009611200396751955,0.28636720876463434,3.13820872993384,0.0006016786084313834,0.0416916893122602,0.0009760570977727315,0.06763323259481954,0.0009607642004555651,0.06657355270143954,6.732442263103116e-05,0.004665063494243125,3,88,52200
716.0833333333334,0.3573313938285008,6.528562776077779,0.001731420543379128,0.03986913175678204,0.001989632002180534,0.04581492390498687,0.0019908641082974857,0.045843295406816933,0.0020181097408593575,0.04647067603861084,0.535593450407261,5.0494123771516835,0.0031796103756263072,0.04016492883421432,0.0033174230853824857,0.041905782909367105,0.0035496599624160645,0.04483940575518403,0.0027367642155377704,0.0345708835257675,0.2146589914371706,3.944806040660057,0.0007966771280747201,0.071285028675034,0.001025674804408139,0.09177526913592605,0.0010273085652176832,0.09192145468845718,0.000257264504877757,0.023019498063912427,0.2756320296739214,3.2119013707407515,0.0005384250939771992,0.038397316107314644,0.000943260579162051,0.06726780574455864,0.000928714867210831,0.06623049097961829,8.643163025825039e-05,0.0061637963494270585,3,89,52800
