bearing,file,rpm,dei_raw,dei_corrected,dei_norm
4,1,712.0,0.00805952105463376,0.013725305332433331,0.9858088736785983
4,2,726.0,0.010284445955986115,0.011879295039456908,0.7238392210962341
4,3,731.0,0.011510875515596068,0.010339024488762515,0.5052574815558413
4,4,778.0,0.008366692647597831,0.00910449368035015,0.33006365505741925
4,5,977.0,0.008748614579144597,0.00817570261421981,0.19825774160096812
4,6,975.0,0.009162399889399776,0.0075526512903715,0.10983974118648801
4,7,977.0,0.009110853643969161,0.007235339708805202,0.06480965381397673
4,8,978.0,0.009973227049215369,0.006878648306402305,0.014191126321401825
4,9,977.0,0.009743637913059794,0.007162562005076762,0.054481677944058164
4,10,979.0,0.010556722934941368,0.008389235627029059,0.22856048118662373
4,11,737.0,0.008732094735621011,0.00992570554795811,0.446602868556008
4,12,740.0,0.009285576029330908,0.010794240267383648,0.5698577277349192
4,13,741.0,0.008383243499304499,0.011436920755692082,0.661061327673771
4,14,741.0,0.009458272411577177,0.011560698891335963,0.6786268392612703
4,15,741.0,0.010554132109204193,0.01124996397469415,0.634530054715928
4,16,741.0,0.010251771610489685,0.010400133303011991,0.5139295105794952
4,17,981.0,0.010789177521887348,0.00893262838655883,0.3056740341128447
4,18,981.0,0.011204065116979613,0.008082749320608198,0.18506662228464069
4,19,982.0,0.009043383451805932,0.007800772756528211,0.14505097187930113
4,20,981.0,0.009051443931877767,0.007743206228478926,0.13688163316498186
4,21,982.0,0.009543886881934045,0.008119924522321393,0.19034220211999617
4,22,982.0,0.011285466476734804,0.00906544088070171,0.32452162292726533
4,23,741.0,0.01035103684448653,0.010776049538335318,0.5672762583968868
4,24,740.0,0.01076926656817759,0.011698215524018223,0.6981419983181479
4,25,744.0,0.010296092994874299,0.012225290637027254,0.772939893413931
4,26,743.0,0.009921051584636395,0.012241469063467434,0.7752357943468721
4,27,741.0,0.009915860923084949,0.011697907066915564,0.6980982247810623
4,28,740.0,0.009816395370482251,0.010712461933031452,0.5582524610034607
4,29,977.0,0.01042867990278092,0.009085613791650675,0.3273843862027368
4,30,978.5,0.01053891850618268,0.00834352701504014,0.2220739143195167
4,31,980.0,0.011630055544036884,0.00817695505063289,0.19843547643444348
4,32,984.0,0.010912679992137181,0.008801274237009299,0.28703340082186773
4,33,983.0,0.011936317692852886,0.009597656432191511,0.4000490041413283
4,34,986.0,0.01261136770729994,0.010622357393254862,0.5454656119424469
4,35,745.0,0.01166876869126457,0.012267516289588307,0.7789321891089064
4,36,742.0,0.011857927273874419,0.012844517716361305,0.8608151904585534
4,37,741.0,0.012467607066923698,0.013055392585890616,0.8907407095735491
4,38,744.0,0.009658911876892027,0.012922413710728622,0.8718695094185314
4,39,745.0,0.009824914600853473,0.012397657200047062,0.7974006501079306
4,40,744.0,0.009989818983159156,0.01142773793571414,0.6597581820908345
4,41,983.0,0.010567306348134315,0.009770161198733833,0.4245293734717885
4,42,985.0,0.01339152491063987,0.009046545337788328,0.32184013256331256
4,43,977.0,0.012698770757117709,0.008814578880160028,0.28892147953799946
4,44,974.0,0.01299321876570912,0.009286146839822278,0.35584228438492654
4,45,974.0,0.011617478479616795,0.009695142246353159,0.41388333917445475
4,46,975.0,0.012476750496837566,0.010329545616508628,0.5039123228204478
4,47,734.0,0.010668644935968204,0.011791458925678993,0.7113742872341999
4,48,736.0,0.0103491047971656,0.012499216909616372,0.8118131167845604
4,49,737.0,0.01056464720096795,0.012941945105745277,0.8746412343576768
4,50,736.0,0.010059812726933287,0.012957095143001352,0.8767911952824259
4,51,736.0,0.010508679545488456,0.012525545385258926,0.8155494240214947
4,52,736.5,0.01147773632048279,0.01166712478365791,0.693729872079357
4,53,971.0,0.012608428435984868,0.010302605548018337,0.5000892236699184
4,54,975.0,0.01100997154811087,0.009195408370466127,0.34296547357648866
4,55,973.0,0.010963128931946654,0.008470925885675919,0.24015324898347948
4,56,975.0,0.010580480278170759,0.008113158893225956,0.18938208314862506
4,57,974.0,0.011634321233844022,0.008074908680817684,0.18395394718756272
4,58,974.0,0.010494785426999036,0.008554826205594246,0.2520596493671496
4,59,949.0,0.012192119557063882,0.009772625934864235,0.42487914728954307
4,60,735.0,0.009709019130892838,0.011002345419412782,0.5993901927407189
4,61,733.0,0.00934126243620537,0.011789742396197594,0.7111306923671507
4,62,733.0,0.009765268470061447,0.012206458731691414,0.7702674339389952
4,63,733.0,0.01008341834982243,0.012179908716102753,0.7664996876884564
4,64,730.0,0.010080447195259933,0.011819761114166005,0.7153906865541131
4,65,730.0,0.009669121756103408,0.010850585178837018,0.5778537052949488
4,66,970.0,0.011408032423657786,0.009473225987156119,0.38239092250407336
4,67,971.0,0.011100043430792749,0.008752358834069131,0.28009175420000587
4,68,968.0,0.010672419946676729,0.008296486430405207,0.2153983255316475
4,69,969.0,0.010323396132375541,0.008354400188120472,0.22361694004649138
4,70,973.0,0.010400507859224861,0.008796833756928772,0.28640324668436346
4,71,970.0,0.011954366175451248,0.009565156598976507,0.39543691175554224
4,72,729.0,0.010056835964264675,0.010887739634030159,0.5831263409654361
4,73,728.0,0.009739253322107667,0.01160706524080415,0.6852067464849235
4,74,729.0,0.01002998779084936,0.011883975857756197,0.7245034819339616
4,75,730.0,0.009188570278607673,0.01188975080642769,0.7253230121949291
4,76,732.0,0.00901588416513226,0.011406349375882762,0.656722904546835
4,77,731.0,0.009150101942835661,0.010472183194657014,0.5241542017172736
4,78,970.0,0.011199504055107227,0.00916201508645027,0.3382265904589339
4,79,970.0,0.010720793493171331,0.00863260826653348,0.2630977998904259
4,80,967.0,0.011779688084776946,0.00844003334612108,0.23576924967136317
4,81,969.0,0.010625857196863844,0.008692358194207633,0.2715769876036113
4,82,967.0,0.011427778216179135,0.009166779035842506,0.3389026485350738
4,83,924.0,0.011623150062041851,0.009811346564574542,0.430374040764175
4,84,734.0,0.009970856509129237,0.011065739000563997,0.6083864559215482
4,85,732.0,0.00958186342530403,0.0116025354434172,0.6845639172156377
4,86,732.0,0.009524557573883981,0.011718527379541831,0.7010244793937239
4,87,732.0,0.009225945839448453,0.011499959376898988,0.6700072180405132
4,88,733.0,0.008867637723509191,0.010810992091562487,0.5722350002652773
4,89,732.0,0.008999470304838187,0.009850845201838621,0.43597934227355273
4,90,972.0,0.009545541498391166,0.008403915482553828,0.230643718027943
4,91,972.0,0.009868451066209732,0.007702793865446189,0.1311466636775427
4,92,973.0,0.00937036005010294,0.007287495178290479,0.07221110237215257
4,93,973.0,0.009904383144930966,0.007402893335399584,0.08858740062007532
4,94,974.0,0.010129578102652654,0.007907135693094466,0.16014507056657096
4,95,970.0,0.010080672874109912,0.008797434389664877,0.2864884832346718
4,96,733.0,0.0093055035474076,0.010377028508456166,0.5106506799977777
4,97,732.0,0.009001152783677798,0.011213749632856719,0.6293908317193139
4,98,732.0,0.009914234330853497,0.011686253458973447,0.6964444465569956
4,99,733.0,0.009575679727943954,0.01163918472586772,0.6897648631840785
4,100,733.0,0.009633208066993125,0.011174383903073312,0.6238043912784089
4,101,731.0,0.009130472229312127,0.010329170356348134,0.5038590691770382
4,102,968.0,0.010025868198834602,0.008679053120054335,0.2696888477233606
4,103,970.0,0.009724228252916276,0.007732739844211698,0.13539633535233622
4,104,972.0,0.009167043510763391,0.007193058895712702,0.05880953021830425
4,105,971.0,0.00932390265499067,0.007305714374968745,0.07479661158750989
4,106,966.0,0.009453265979598254,0.007779788967464793,0.14207313586629505
4,107,968.0,0.0092870791388994,0.008724992389037733,0.2762081474159232
4,108,733.0,0.009425889299239177,0.009983125713455002,0.45475143677563007
4,109,730.0,0.009865570231225335,0.01110072601374482,0.6133515071581243
4,110,728.0,0.009723036215391796,0.011825914088627092,0.7162638629324095
4,111,732.0,0.009240664903640311,0.012170977187583193,0.7652322031938137
4,112,732.0,0.009345544437876071,0.01194918123683604,0.733756859647531
4,113,729.0,0.008905062101403726,0.01124995284733396,0.6345284756181873
4,114,732.0,0.008868607636650186,0.009876208824356837,0.43957872598479636
4,115,966.0,0.01098290449872043,0.008571946996025287,0.25448928236444107
4,116,966.0,0.010772895547964647,0.007811214481237226,0.14653277022289046
4,117,967.0,0.008962073024335566,0.007552967025429968,0.10988454754747615
4,118,971.0,0.009366210600536183,0.007569703612178201,0.11225965771480892
4,119,969.0,0.008752180130250831,0.007948245718542968,0.16597904620872822
4,120,968.0,0.010472076081795578,0.008514301511385906,0.24630873882068222
4,121,723.0,0.009227975776933522,0.009757134427241743,0.4226807278737456
4,122,724.0,0.009013324221442666,0.010411352017262029,0.5155215724903551
4,123,720.0,0.0082347213868196,0.010719785740514189,0.5592917917748722
4,124,724.0,0.008169464300596986,0.01063354733688503,0.5470535909782979
4,125,729.0,0.008026172261498963,0.010216863937766184,0.4879215234490314
4,126,726.0,0.00849302322436689,0.009306420767232586,0.3587193830340326
4,127,964.0,0.008668760424087565,0.007937046176102098,0.16438970499352537
4,128,959.0,0.008993552361709243,0.007356565227076826,0.08201292024567688
4,129,946.0,0.009644345458617459,0.007082262115706158,0.04308621920752985
4,130,946.0,0.008926870922033566,0.007128836336197703,0.0496956256706932
4,131,952.0,0.008747404785591073,0.0075841642125869385,0.114311779785646
4,132,963.0,0.009672280039842109,0.00791529360452953,0.1613027700835088
4,133,723.0,0.008321980861773303,0.008444485545994938,0.23640106697954383
4,134,726.0,0.00815985674616601,0.009171740036983188,0.3396066704737542
4,135,707.5,0.00833990168489161,0.010097057077494278,0.4709195805661398
4,136,711.0,0.008417540636447429,0.01122043666752821,0.6303397972567012
4,137,715.0,0.007907797678289476,0.012541878807084978,0.8178673205454371
