file_idx,ch3_high_band,ch4_high_band,ch3_total_power,ch3_energy,ch3_rms,ch3_std,ch3_p2p
1,0.8216411310859174,0.6812215218984186,0.00250243415436893,10.088486998446896,0.11792958611610461,0.12514141201972961,1.6874313354492188
2,0.8129052674116656,0.6721026094917798,0.002543568274182667,10.104275650552353,0.11881088604167113,0.12614589929580688,1.6396522521972656
3,0.8096771411562634,0.6674760705897491,0.002507830903515362,10.089240146921663,0.11797148778494536,0.12519992887973785,1.6132354736328125
4,0.7141275846313866,0.42618146824673286,0.00347723771392525,10.417798190330144,0.1376454678674362,0.1475488692522049,2.4054527282714844
5,0.681269450105591,0.3929725323764146,0.0038939119239423015,10.5307129640454,0.14508677964100378,0.15611477196216583,2.3903846740722656
6,0.6496649358681895,0.3624966581251373,0.004171086512251267,10.600569656900173,0.14987592839182712,0.16166281700134277,2.5180816650390625
7,0.6287434459710843,0.3467369245297608,0.004519105255460635,10.680445093857923,0.15553128538401662,0.16825087368488312,2.2918701171875
8,0.633822020991151,0.3433051701722935,0.0045213790228312775,10.680826244444358,0.15555873334201398,0.16826824843883514,2.4550437927246094
9,0.6302794495241762,0.33630305797690363,0.004612321770354819,10.70145345161771,0.15705115273745077,0.17002320289611816,2.4166107177734375
10,0.6959612731415324,0.46703902475226833,0.004093052331542779,10.582108347470717,0.14859621843157103,0.1601729393005371,2.3223876953125
11,0.6848828676607261,0.4618409910973463,0.003769432391255779,10.498190026651395,0.14290593931468,0.15359334647655487,2.170085906982422
12,0.7012193815248937,0.4934886132463275,0.0035409973045155423,10.436840489004709,0.138874948161584,0.14893785119056702,2.027606964111328
13,0.6877637080407305,0.47896931457552205,0.0034445832703594473,10.409333532806764,0.1371022103555541,0.14690886437892914,1.9007682800292969
14,0.6979302076089935,0.49597051519956864,0.0034700890769318554,10.41688093148278,0.137586501312967,0.14746934175491333,2.1292686462402344
15,0.6922003383710778,0.5037645771995085,0.0034928624471562237,10.422550329489242,0.13795133434241585,0.14789524674415588,2.1478652954101562
16,0.6310595594622737,0.3634255642560945,0.004454780297458832,10.665822585572995,0.15448143515766083,0.16702350974082947,2.321147918701172
17,0.6180111546025198,0.33506462182409247,0.004753945366836313,10.730426443397509,0.15916973835439374,0.1725032776594162,2.4382591247558594
18,0.610020102699536,0.33055766575457024,0.004695875360647451,10.719230215471505,0.15834793739804925,0.17154638469219208,2.5041580200195312
19,0.6218160577274066,0.31465210033398217,0.0048847125407467,10.75859155639957,0.16125449930751518,0.17496523261070251,2.4423599243164062
20,0.6176695747296134,0.31501024771883057,0.004973029342775694,10.776499416825715,0.1625930771620437,0.17653264105319977,2.348804473876953
21,0.6045951507755871,0.3077924706361167,0.004986638340872338,10.779131811594567,0.16279070836917872,0.17676115036010742,2.5537490844726562
22,0.6741849547744934,0.40792669755744304,0.004457750987264689,10.667168097102394,0.1545777665868791,0.16714641451835632,2.4010658264160156
23,0.6985079105895386,0.46605770337837416,0.0038145764750490106,10.510008438202815,0.1436948738208564,0.15451638400554657,2.362823486328125
24,0.6909104932711462,0.46645882867280825,0.0036785433236253967,10.474908606516012,0.1413635627525625,0.15181931853294373,2.0343780517578125
25,0.690650389060642,0.4794224178452897,0.003624974051073142,10.459629232383254,0.1403597589077291,0.1506662666797638,2.225971221923828
26,0.6848177018527872,0.4817050262508521,0.003585340407303448,10.449416123200965,0.13969249277790904,0.14989027380943298,2.1335601806640625
27,0.663422370067377,0.46971422465030693,0.0036216192645698963,10.458429040073963,0.14028118946009632,0.15057313442230225,1.9726753234863281
28,0.660218782713376,0.4643190371632749,0.0037555975920345063,10.495991156764914,0.14275960645237004,0.15342319011688232,2.227306365966797
29,0.594075062344376,0.310706053908544,0.00498573250102037,10.779680718183686,0.16283193676623575,0.17681154608726501,2.3519515991210938
30,0.5993667654448135,0.31476499466055397,0.005036123750664806,10.789370380377571,0.16356147161575402,0.1776740998029709,2.4817466735839844
31,0.6032213820619807,0.29870844578630745,0.0050187490226732655,10.785036967514953,0.1632348371378156,0.1772933006286621,2.3763656616210938
32,0.6014614037257143,0.3003730205450265,0.0050175647502239415,10.785344290365765,0.16325798638127398,0.1773165762424469,2.3477554321289062
33,0.6073862316904037,0.30845089330233016,0.00495721318481352,10.773308617210267,0.16235381845224917,0.1762506663799286,2.399921417236328
34,0.5987924128525232,0.30296381324455773,0.005063100776739428,10.794475620542089,0.1639470542800795,0.1781320422887802,2.267169952392578
35,0.7046193095900206,0.48313206227042715,0.0037664018990791683,10.497844383425804,0.14288292121057844,0.15357396006584167,2.3322105407714844
36,0.680735727279994,0.4459657367571287,0.003758851027761857,10.496249774528385,0.14277680115720492,0.15345457196235657,2.117443084716797
37,0.698753236186982,0.488907525499822,0.003597887441876608,10.452373548551446,0.13988541225285758,0.15012343227863312,2.010345458984375
38,0.696355306119777,0.4826317654668953,0.003568670793966951,10.444057716754418,0.13934359094546825,0.14950083196163177,2.1012306213378906
39,0.6850091401086278,0.49056265576197794,0.0035511153389061233,10.43804671632451,0.13895316132174218,0.14905120432376862,2.1181106567382812
40,0.6779191864277574,0.4870672932802866,0.003574062951983685,10.44619194916445,0.13948246638464976,0.14965586364269257,2.0745277404785156
41,0.5820724709624309,0.32413730130215385,0.004967578926713597,10.775642210640859,0.16252877464651205,0.17645519971847534,2.3736000061035156
42,0.5881956357339114,0.30990045823202295,0.005146240536875778,10.811392124915521,0.16523067607070577,0.17963865399360657,2.4207115173339844
43,0.5807935971930571,0.3022603578770392,0.0050959419353278895,10.800788329931079,0.16442498051120644,0.17869406938552856,2.495288848876953
44,0.5846288157036998,0.2935028491864022,0.00505729363790522,10.794225272485663,0.16392813282574256,0.17810802161693573,2.431774139404297
45,0.5863563435294522,0.29387129450805455,0.005019282315481781,10.785120439273681,0.16324112760855428,0.17730028927326202,2.4538040161132812
46,0.5808036314649505,0.29202649538401876,0.004984861411283931,10.778681675363993,0.1627568988021317,0.17672738432884216,2.4515151977539062
47,0.7030565120733493,0.4839552764184986,0.00379312024801716,10.505662503811376,0.14340428954634238,0.15418285131454468,2.3873329162597656
48,0.7003714705844273,0.48278770377265867,0.003544422659578005,10.436731176482965,0.1388678540771056,0.1489609181880951,2.162456512451172
49,0.700858020204899,0.49520603970701993,0.003453030983602434,10.410580789918276,0.13718213419721767,0.1470203548669815,1.9123077392578125
50,0.6830929955959807,0.4843882129784887,0.003485509743818648,10.421493624135568,0.13788325958935269,0.14783073961734772,2.0074844360351562
51,0.6764634726000054,0.4846990261480257,0.0034558053392517844,10.41150971903546,0.1372416831799434,0.1471007764339447,1.9361495971679688
52,0.6597572147596393,0.4739297752543091,0.0034737453060278965,10.418021214896815,0.13765980318790402,0.14758266508579254,1.9617080688476562
53,0.5762670696116423,0.3188845524700666,0.004957076957370795,10.772900474119753,0.16232324991165956,0.17623771727085114,2.3244857788085938
54,0.5674100386833474,0.3008593034481182,0.0050396704747040205,10.789896229928361,0.16360114997508335,0.17773671448230743,2.318286895751953
55,0.5737969181851879,0.2977610412976406,0.005188611334897364,10.818169490995864,0.1657475321465873,0.18027395009994507,2.526092529296875
56,0.563817665205372,0.2851736180093338,0.00512543713452562,10.806473368378892,0.16485648077477952,0.17922300100326538,2.452373504638672
57,0.5469689647362542,0.27469865952014394,0.005173197451964405,10.81571504060448,0.16556016985326816,0.18005333840847015,2.515411376953125
58,0.542202353375563,0.2734042910819903,0.0052155592327778715,10.82398357041238,0.1661921040532659,0.1807996928691864,2.648639678955078
59,0.7006130119292067,0.4762277767542924,0.0038175458200989795,10.511035994226853,0.14376366400837243,0.15460927784442902,2.155590057373047
60,0.6997801078810129,0.47858705152383363,0.003723568337052132,10.485535997102932,0.14206569361392424,0.15265007317066193,2.3390769958496094
61,0.688154163563407,0.4773834670877508,0.0036862342177147707,10.476337920430872,0.141457815799243,0.1519503891468048,2.125072479248047
62,0.672726000038513,0.48314855369264487,0.0037090657616510423,10.481259611516009,0.14178276933714198,0.1523241251707077,2.0975112915039062
63,0.6791500401765053,0.4933958647195467,0.003573201767696063,10.444161681721276,0.13935035758425388,0.14952445030212402,2.1790504455566406
64,0.6828071357086024,0.49753811979031565,0.003478176012241012,10.417685725048425,0.13763823520474705,0.14755530655384064,2.0592689514160156
65,0.5417820044939364,0.29894485949209093,0.0049093086334906074,10.762254436160253,0.16152746772919094,0.17530390620231628,2.3382186889648438
66,0.5411031107661648,0.2824590802802211,0.005272207579699785,10.835475144691163,0.1670740485811561,0.18184077739715576,2.4498939514160156
67,0.5323836769696337,0.27021203125481996,0.005385079655710988,10.855402016344373,0.16861354920734256,0.18366147577762604,2.5361061096191406
68,0.5207091720650371,0.25046481461161385,0.0055388264374924496,10.883929987579366,0.17084024512746665,0.18630027770996094,2.382373809814453
69,0.4739209210043891,0.21138922560674492,0.00599803924779976,10.96462003367001,0.17728503284886446,0.19397030770778656,2.512836456298828
70,0.45449312027593236,0.1970682326447557,0.0064583446026360595,11.037709650858025,0.1833137698124005,0.20119044184684753,2.393627166748047
71,0.6699158276662764,0.4014852737606617,0.004199660252722467,10.605786768137248,0.15023942194006773,0.16210885345935822,2.3306846618652344
72,0.6653842992474257,0.42449216830572145,0.0037962909880330555,10.505329812537035,0.14338207046411208,0.15416258573532104,2.4541854858398438
73,0.6635289985099911,0.44243974382578455,0.0035956363971910523,10.450763453777517,0.13978036004078806,0.15001164376735687,2.0402908325195312
74,0.6552243554970725,0.43461784635432305,0.003611330269948176,10.454557328903885,0.14002802097997866,0.15029990673065186,1.9934654235839844
75,0.6550813151897584,0.4473829868711472,0.003378625170143502,10.390069610824218,0.1358733049415532,0.14552100002765656,1.9732475280761719
76,0.6415699304951488,0.43345158574095377,0.003455338732011413,10.41175048134013,0.13725712844294163,0.14710643887519836,2.128314971923828
77,0.4794867901275154,0.23351580168899475,0.005234429555611869,10.828321298105552,0.1665245107914284,0.18118783831596375,2.8037071228027344
78,0.4295529080707029,0.19161186789955725,0.0065103554266888065,11.046777455759534,0.1840746210749129,0.20210061967372894,2.6363372802734375
79,0.3187601936524858,0.13304267755529744,0.008769368471408143,11.34542419937066,0.21079139197442912,0.23465019464492798,3.0714035034179688
80,0.3437502469532077,0.160333855215608,0.0077467300356022254,11.220929413175972,0.19925509829730345,0.22048671543598175,2.6325225830078125
81,0.3407658239027225,0.15650408160084955,0.008150957712242541,11.271924290097509,0.2039098815844032,0.2261834740638733,2.7199745178222656
82,0.30984280661099556,0.11374178191381032,0.009124810519540786,11.385600043267221,0.21464047185687768,0.23941221833229065,3.1377792358398438
83,0.23060521725138616,0.10080249921989591,0.012291656429357626,11.685507690784393,0.24541334081062355,0.27814340591430664,3.148651123046875
84,0.6345868893670034,0.4023035549228599,0.00393126704848856,10.540451728041003,0.14574579459626888,0.15688484907150269,2.0236968994140625
85,0.6291745709882501,0.4104995635026758,0.0038348632674260748,10.51633018287654,0.14411853586834933,0.15501032769680023,2.0676612854003906
86,0.6215570129463577,0.3962936314382436,0.003744253860246225,10.490886338403454,0.14242040597610806,0.15305040776729584,2.0648956298828125
87,0.6029989359009296,0.3959359569897333,0.003890133613849231,10.533541937227254,0.1452779268380594,0.1560312658548355,2.4764060974121094
88,0.5987388824207506,0.39127347684381486,0.0038675161020418803,10.528548781427187,0.14494070112984098,0.15557502210140228,3.5940170288085938
89,0.5931641165928424,0.38163207208451166,0.0038219446188342988,10.518399294322622,0.14425745927922184,0.15479238331317902,3.551769256591797
90,0.26462043271894137,0.1310586856729054,0.010959659688361864,11.570356241889597,0.2331628228901318,0.26238274574279785,4.462909698486328
91,0.2604550910900855,0.11139476652138093,0.01142120830075417,11.612162512595138,0.23754631551413855,0.26792988181114197,5.2490234375
92,0.3292427361005695,0.11510306878515016,0.009235618088177635,11.398460697065708,0.21588585157258136,0.2407245934009552,4.122161865234375
93,0.3307838891702679,0.11831559565933984,0.009058513529233555,11.378493130905534,0.2139550378152008,0.23837341368198395,3.6008834838867188
94,0.33477834933061423,0.12432941614343747,0.009017706522878102,11.3748469641868,0.21360412912572438,0.23793639242649078,4.146289825439453
95,0.3008044006847686,0.10745400849499279,0.010168409688498943,11.494877481760359,0.22543032521654338,0.25270670652389526,3.079509735107422
96,0.6069567675133217,0.3534982726134692,0.004465559204920368,10.67019907955453,0.1547949729923157,0.16718997061252594,2.822399139404297
97,0.5927472209521425,0.3509655237113574,0.00441866679608863,10.65940475410288,0.1540227345300721,0.16632284224033356,2.937602996826172
98,0.5625801657399326,0.33822777878361543,0.004593933824261755,10.700286797995153,0.15696639484907218,0.1697608232498169,3.2059669494628906
99,0.5569782243949161,0.3385633584360346,0.00453990690515783,10.686736057838822,0.15598497281096024,0.16864226758480072,3.3109664916992188
100,0.5490201343455597,0.35420375548977406,0.0052139587410085925,10.825382628818502,0.16629925089469474,0.18074603378772736,3.754425048828125
101,0.5620825217566373,0.3711793239902054,0.0050405225205776725,10.79298414680289,0.16383431709193028,0.17771758139133453,4.775238037109375
102,0.3107606349656081,0.12306160183611745,0.011535950640702638,11.622555003805415,0.2386472918239337,0.26934799551963806,4.407978057861328
103,0.3355593181459843,0.14512706845159537,0.010835249604667582,11.557159357341682,0.2317940719859863,0.2608577013015747,2.9336929321289062
104,0.3542723196666627,0.14027112235826236,0.010395312515449008,11.516179461850218,0.22758914986205528,0.255566269159317,3.387737274169922
105,0.312398062088051,0.12021249857609136,0.011539533767557217,11.621083719554141,0.23849114693961695,0.2693299949169159,3.1236648559570312
106,0.29046383302260204,0.11334686708164779,0.013080409830368248,11.747784249177393,0.25227270969378446,0.28694257140159607,3.47900390625
107,0.27415816830989426,0.10431804342466147,0.013967177645784418,11.811672655085237,0.2594841831467374,0.29625868797302246,3.2303810119628906
108,0.5703927783906623,0.2840734339448864,0.005626468248097676,10.900898272186106,0.17217742662645957,0.18788214027881622,2.643585205078125
109,0.5440471190013442,0.27029821181358094,0.0058771794950616425,10.944069126064226,0.17562283173699614,0.19198673963546753,2.7153968811035156
110,0.5246355013355058,0.2612318051745348,0.005948794909041783,10.956401065640339,0.17661854817726985,0.1931719332933426,2.7001380920410156
111,0.5098842503876163,0.2685509102965891,0.0058795265602793285,10.944622373714733,0.17566739715074597,0.19203220307826996,2.4969100952148438
112,0.5186794960223837,0.276202529894595,0.005712128573072022,10.916439681590916,0.17341056776633848,0.1893458515405655,2.7944564819335938
113,0.4897637462545279,0.27001725129858056,0.005838142872667896,10.938615417088922,0.17518412206802902,0.1914554089307785,2.860260009765625
114,0.21919317933559876,0.08694789159454948,0.0175480689152682,12.04335856831585,0.2871681036509951,0.33263832330703735,3.836345672607422
115,0.19131297822068688,0.07400280563389061,0.021728834697401937,12.25909980309534,0.3152035564825939,0.37052804231643677,3.9524078369140625
116,0.18055190900571033,0.06750461747379563,0.023418957731032586,12.335541304228828,0.3256818638705318,0.3849570155143738,4.351520538330078
117,0.16533669768445852,0.06051484439207539,0.025427842116285772,12.417876836110722,0.33729623353720817,0.40113651752471924,4.509830474853516
118,0.15587644076832066,0.05420597109220538,0.028320566191168017,12.527361898209612,0.3532777711557788,0.4236903786659241,5.609035491943359
119,0.10859128426021318,0.043793086182029914,0.042623306783035615,12.943186321481356,0.41979673246170807,0.5216217637062073,5.3836822509765625
120,0.321731055717954,0.09235903268280865,0.013125750239352588,11.752190181680566,0.2527643126898919,0.28755366802215576,4.555416107177734
121,0.2995382661305464,0.08740774923928778,0.012830447319191309,11.728440429970313,0.25012426990038633,0.2841572165489197,3.8557052612304688
122,0.2790365896962821,0.08797100689399898,0.012933792713399384,11.735770909354983,0.2509365396035873,0.28519120812416077,3.4714698791503906
123,0.26754156909553917,0.09065083737998314,0.012821539651600355,11.726901056174448,0.24995398426514406,0.28394100069999695,3.5073280334472656
124,0.2749018075016769,0.09920186553845155,0.012062580411486955,11.6652153968221,0.24321408780343387,0.2753131091594696,3.7323951721191406
125,0.2849775994921647,0.10276713762949156,0.01131838327985412,11.602529337911303,0.2365298303504663,0.2668183147907257,3.0615806579589844
126,0.12722925925556672,0.03906778232678858,0.036040409298248456,12.772007976594269,0.39127264302205084,0.4788423180580139,5.415058135986328
